1668899252.242, 6.94872923605587, -70.1902133564575, 0, 0
1668899252.295, 7.17941788119006, -70.0835446877711, 0, 0
1668899252.345, 7.37861342906513, -70.0911166892717, 0, 0
1668899252.487, 7.68722763043343, -62.6026978698737, 0, 0
1668899252.537, 7.37582438890072, -55.6185824442055, 0, 0
1668899252.686, 4.66476381668656, -36.5071000171165, 0, 0
1668899252.736, 4.04183061899582, -30.8098447257444, 0, 0
1668899252.913, 0.690953706042905, -13.9419584201084, 0, 0
1668899253.088, 1.68302125529718, -1.34748417338011, 0, 0
1668899253.138, 1.33044719290595, 1.19508379804125, 0, 0
1668899253.31, 0.309808476296951, 7.64694928245949, 0, 0
1668899253.36, 1.03613006234193, 7.44086537822422, 0, 0
1668899253.497, 1.77723119502281, 6.74671377186644, 0, 0
1668899253.547, 2.06103476756712, 5.52262864949867, 0, 0
1668899253.706, 1.58577386325027, 4.31964001302329, 0, 0
1668899253.756, 1.81477993185567, 4.0483193123257, 0, 0
1668899253.941, 0.722153834803038, 1.51982662374171, 0, 0
1668899254.114, -0.267335988523257, -0.879620934848447, 0, 0
1668899254.164, -0.742147124987781, -1.43789581638126, 0, 0
1668899254.317, -2.01397848789304, -1.58212253591219, 0, 0
1668899254.367, -2.108934740884, -1.92271426403218, 0, 0
1668899254.523, -1.57517566998672, -1.55841101526488, 0, 0
1668899254.573, -0.864590389257074, -1.31147162324848, 0, 0
1668899254.724, 0.126879033951184, -1.42141294365669, 0, 0
1668899254.774, 0.934826395078147, -1.1939025787934, 0, 0
1668899254.962, 0.973398432051425, -1.14986526236061, 0, 0
1668899255.119, 2.07496573044079, -0.568033679875413, 0, 0
1668899255.169, 1.96864195545282, -0.553689533431594, 0, 0
1668899255.333, 1.29367508303804, -0.404103240370063, 0, 0
1668899255.383, 0.896748845176944, -0.33500311936308, 0, 0
1668899255.534, 0.182664993058381, 0.483946811844177, 0, 0
1668899255.584, 0.176072450098133, 0.318491067024581, 0, 0
1668899255.737, -1.02645830640682, 0.0778101054492168, 0, 0
1668899255.787, -0.262521679499912, -0.317051641051449, 0, 0
1668899255.844, -0.565565721387287, -0.401475677028344, 0, 0
1668899255.984, -0.583631460723325, -0.431405402206053, 0, 0
1668899256.139, -0.780916297455889, -0.782406707881506, 0, 0
1668899256.189, -0.772933179123328, -0.97528239976171, 0, 0
1668899256.355, -1.16172128622958, -1.32242047680654, 0, 0
1668899256.405, -0.799892507649133, -1.58906714668245, 0, 0
1668899256.537, -0.496534984969742, -0.771399265405762, 0, 0
1668899256.587, -0.940173362963208, -1.06433704718376, 0, 0
1668899256.69, -0.809096552912308, -0.268293991664734, 0, 0
1668899256.822, -1.25718852694658, -0.427669219944107, 0, 0
1668899256.993, -0.987359425012954, -1.01768956427202, 0, 0
1668899257.156, 0.220670497316121, -1.23110694399367, 0, 0
1668899257.206, 0.479973603762289, -0.956413044912296, 0, 0
1668899257.367, 1.5629559789746, -0.150730110167018, 0, 0
1668899257.446, 1.69690938557483, -0.00146062430505367, 0, 0
1668899257.611, 2.37556544809368, -0.319935749704399, 0, 0
1668899257.761, 2.89797823757351, 0.132825045588348, 0, 0
1668899257.811, 3.46272598715262, -0.0417492527787431, 0, 0
1668899257.997, 2.46284750830617, -0.559311088492876, 0, 0
1668899258.162, 1.86517173558124, -1.01597415821385, 0, 0
1668899258.212, 1.65383229972105, -0.981749470382312, 0, 0
1668899258.373, 1.46067936525955, -0.624204766882457, 0, 0
1668899258.423, 1.78342182517386, -0.200483465288642, 0, 0
1668899258.571, 1.44245596433515, -0.373720232350962, 0, 0
1668899258.621, 2.24244239524688, -0.720530260452591, 0, 0
1668899258.769, 2.48023079743783, 0.238355562464434, 0, 0
1668899258.819, 3.1925749318934, -0.265024844581291, 0, 0
1668899258.87, 3.1387230092985, -0.570809220676978, 0, 0
1668899259.009, 2.85174095477902, -0.845890745946519, 0, 0
1668899259.176, 1.98888122982348, -1.20401252678465, 0, 0
1668899259.226, 1.75143309157031, -1.09143831595327, 0, 0
1668899259.393, -0.0367947320605708, -0.823010869347655, 0, 0
1668899259.443, 0.0284846440169702, -0.579994936990488, 0, 0
1668899259.583, -1.22046732416098, 0.00940799709582052, 0, 0
1668899259.633, -1.38176823814547, -0.101087548057052, 0, 0
1668899259.791, -1.05276257482257, -0.133795882209341, 0, 0
1668899259.841, -0.598329956384731, -0.0832981536105706, 0, 0
1668899260.031, 0.371950390105468, -0.155192032261624, 0, 0
1668899260.196, 1.31233422535465, -0.137635718855307, 0, 0
1668899260.246, 2.12534685252274, 0.167402030114786, 0, 0
1668899260.408, 2.00961412010525, 0.40739941723885, 0, 0
1668899260.458, 2.04759743291231, 0.176211298471159, 0, 0
1668899260.593, 0.976207738289219, -0.294260810298141, 0, 0
1668899260.643, 0.647465664100849, -0.528392942589903, 0, 0
1668899260.8, -0.619846928816912, -0.667777485492024, 0, 0
1668899260.85, -0.681658525051205, -0.998530056541568, 0, 0
1668899261.047, -1.60911513378173, -0.822205122922128, 0, 0
1668899261.209, -1.43413607294372, -0.94056450479971, 0, 0
1668899261.259, -0.980193070955039, -0.356935954408044, 0, 0
1668899261.422, -0.830728568445068, -0.453165274039947, 0, 0
1668899261.472, -0.791883923960313, -0.726610020455638, 0, 0
1668899261.606, -1.20772552375718, -0.218671907366655, 0, 0
1668899261.656, -0.841538001621274, -0.677740016921121, 0, 0
1668899261.82, -1.12282658986612, 0.389284089159744, 0, 0
1668899261.87, -1.51570547352145, 0.151298376521368, 0, 0
1668899262.061, -1.74727430317844, 0.585506897228512, 0, 0
1668899262.216, -0.596003313158718, 0.547884780033982, 0, 0
1668899262.266, -0.536324154601431, 0.626402515112645, 0, 0
1668899262.432, 0.536759892554045, 0.393161976788676, 0, 0
1668899262.482, 0.766841742151399, 0.0931058160406053, 0, 0
1668899262.632, 1.60259462054805, 0.621447821327067, 0, 0
1668899262.682, 2.05734094277207, 0.713658667240381, 0, 0
1668899262.822, 2.32295900647736, -0.0120109547223137, 0, 0
1668899262.872, 2.32882569924234, -0.358708460718788, 0, 0
1668899262.926, 2.05037946231482, -0.881222246406878, 0, 0
1668899263.067, 1.08390148439307, -0.951207844083655, 0, 0
1668899263.23, -0.42959201356021, -1.81713668346211, 0, 0
1668899263.28, -0.0106384180620864, -1.34637849436331, 0, 0
1668899263.44, -0.547424503258696, -0.87401435910192, 0, 0
1668899263.49, 0.686804884320878, -0.92053985077132, 0, 0
1668899263.635, 0.293740134873985, -0.0663429964063482, 0, 0
1668899263.685, 1.14675654028642, -0.179087394673275, 0, 0
1668899263.84, 0.86301607924932, -0.0825897907255069, 0, 0
1668899263.89, 1.3827513882656, -0.226066421112336, 0, 0
1668899263.94, 0.954961966095112, 0.0721596390049228, 0, 0
1668899264.08, 0.00478507332485378, -0.0515585274655166, 0, 0
1668899264.252, -0.59734704712713, 1.11187783302982, 0, 0
1668899264.302, -1.56727674373974, 0.437371446039194, 0, 0
1668899264.473, -3.25413142657635, -0.233268845486009, 0, 0
1668899264.523, -3.12128037086035, -0.448408896945608, 0, 0
1668899264.659, -3.27155098866538, -0.824315800338297, 0, 0
1668899264.709, -2.75316268044423, -0.957354175623948, 0, 0
1668899264.854, -1.86428355787547, -0.169278636566872, 0, 0
1668899264.904, -0.539549374358586, -0.307561369836975, 0, 0
1668899264.957, -0.172110373502022, -0.288693242509282, 0, 0
1668899265.098, 0.828338382815076, 0.341399262590357, 0, 0
1668899265.261, 0.99508021857622, -0.814479245057214, 0, 0
1668899265.311, 0.990372915854749, -0.907090374076006, 0, 0
1668899265.48, 0.0789362697031208, -1.10583771298522, 0, 0
1668899265.53, 0.020306248670181, -0.389541935480651, 0, 0
1668899265.662, -0.695340090572813, -0.441611060182623, 0, 0
1668899265.712, -0.825510539030347, 0.163026361902695, 0, 0
1668899265.873, -1.73835043487733, 1.12923181794629, 0, 0
1668899265.923, -1.37607707327174, 1.03393881252293, 0, 0
1668899265.973, -1.1525817726303, 0.792610486560321, 0, 0
1668899266.118, -0.751167406851522, 1.52241994023788, 0, 0
1668899266.281, -1.08677675028522, 0.317622966674307, 0, 0
1668899266.331, -0.277623349845641, 0.235237078325937, 0, 0
1668899266.486, -1.06125928190821, 1.3620556893455, 0, 0
1668899266.536, -0.61203749776783, 0.882059907646394, 0, 0
1668899266.684, -0.591650140229376, 0.386597307925939, 0, 0
1668899266.734, -0.616810135859964, 0.703045412975953, 0, 0
1668899266.892, -0.409687158964715, -0.565794895599481, 0, 0
1668899266.942, 0.272783874255367, -0.541334016220532, 0, 0
1668899267.124, 1.55237801078891, -0.836675449153489, 0, 0
1668899267.287, 3.14705170910131, -0.555886503003194, 0, 0
1668899267.337, 3.37752885414821, -0.44356244007929, 0, 0
1668899267.506, 4.46396081584777, 0.418664331729772, 0, 0
1668899267.556, 4.30528861542189, 0.523574220337167, 0, 0
1668899267.702, 2.78354339484341, 0.714768134569553, 0, 0
1668899267.752, 2.87157431866373, 0.987660536674809, 0, 0
1668899267.903, 1.17749979652712, 1.84494728750389, 0, 0
1668899267.953, 1.41286264719417, 1.45154463748476, 0, 0
1668899268.145, 1.0698811074036, 0.322639267908045, 0, 0
1668899268.309, 0.366958545575528, -0.321699836120672, 0, 0
1668899268.359, 0.95667465952036, -0.564088755549818, 0, 0
1668899268.521, 0.761184277148487, -0.0384795897298034, 0, 0
1668899268.571, 0.677044143485119, -0.427346167722874, 0, 0
1668899268.714, 0.209755591182983, -0.741381804125098, 0, 0
1668899268.764, -0.0176040810845279, -0.797340843616894, 0, 0
1668899268.913, -1.36654499003151, -0.831590514506388, 0, 0
1668899268.963, -1.39297588601312, -0.990165874218974, 0, 0
1668899269.019, -1.89233207586463, -0.899151530452485, 0, 0
1668899269.16, -3.36450298848527, -0.169790238574791, 0, 0
1668899269.313, -2.6254553708755, 0.636822433416086, 0, 0
1668899269.363, -1.89022754923113, 0.564726963616195, 0, 0
1668899269.528, -1.48593061399131, 0.575333273139577, 0, 0
1668899269.578, -0.202132568164899, 0.598718200440118, 0, 0
1668899269.722, 0.290536853548673, 1.05682237141561, 0, 0
1668899269.772, 1.37853830407724, 0.656827686563162, 0, 0
1668899269.932, 0.835460797735323, 0.0322170157469941, 0, 0
1668899269.982, 0.745894245439558, 0.136146197560137, 0, 0
1668899270.169, -0.857884752106798, -0.164026559096214, 0, 0
1668899270.337, -1.18398207974113, -1.36176261041112, 0, 0
1668899270.387, -1.41334992503451, -1.078373573737, 0, 0
1668899270.536, -1.70717319856601, -1.0593449198735, 0, 0
1668899270.587, -1.57552892704251, -1.16921871384349, 0, 0
1668899270.741, -1.4986133400761, -0.791203288042368, 0, 0
1668899270.791, -1.69542683126292, -0.571519375458195, 0, 0
1668899270.937, -2.23336619041106, -0.159132427285243, 0, 0
1668899270.987, -1.80607439206261, -0.18898835842964, 0, 0
1668899271.037, -2.03089763316839, -0.195824402902645, 0, 0
1668899271.176, -1.89326759162321, 0.239250703568359, 0, 0
1668899271.341, -1.46968827976931, 0.173681389236606, 0, 0
1668899271.391, -1.02816385580576, 0.393413332808123, 0, 0
1668899271.567, 1.03126341690603, 0.446980170370111, 0, 0
1668899271.617, 1.23783364896184, -0.450809782058883, 0, 0
1668899271.757, 2.52187520375256, 0.135331202942837, 0, 0
1668899271.807, 2.89257871294245, -0.694580547603977, 0, 0
1668899271.952, 3.78674603287598, -0.000242330868360341, 0, 0
1668899272.002, 3.92328055384633, -0.433781392431314, 0, 0
1668899272.055, 3.53073015194175, -1.24415571350718, 0, 0
1668899272.195, 3.06003485484354, -1.66471502900646, 0, 0
1668899272.359, 1.9808967268059, -1.3477661548738, 0, 0
1668899272.409, 1.51383719491122, -1.13383217202579, 0, 0
1668899272.579, 0.660493235055355, -0.348092403607836, 0, 0
1668899272.629, 1.42714667064681, 0.133229353620152, 0, 0
1668899272.771, 1.02196494878382, 0.662674871122746, 0, 0
1668899272.821, 1.33272826508178, -0.0207136138606927, 0, 0
1668899272.975, 0.810832119557261, 1.54826064034614, 0, 0
1668899273.025, 0.603715848072909, 1.07064751115584, 0, 0
1668899273.218, -0.904056559375334, 1.60719630370592, 0, 0
1668899273.368, -3.22124080834948, -0.662228256947941, 0, 0
1668899273.418, -3.95974147624813, -0.909262755603038, 0, 0
1668899273.579, -4.89315047070227, -0.0941539700412761, 0, 0
1668899273.629, -3.71293982795723, -0.167528098151678, 0, 0
1668899273.777, -3.07118786934674, 0.0787193540460578, 0, 0
1668899273.827, -2.24556749587211, 0.0654771300652328, 0, 0
1668899273.99, -0.563039116435363, 0.203095175356466, 0, 0
1668899274.04, 0.514369193042995, 0.278801787269089, 0, 0
1668899274.094, 0.658711199145472, 1.11920371844221, 0, 0
1668899274.234, 0.27310059526576, 1.0913547365264, 0, 0
1668899274.392, -1.00242523334549, 0.168472899568215, 0, 0
1668899274.442, -1.23090472734575, 0.668266441253891, 0, 0
1668899274.597, -2.32457735419422, -0.406742189214583, 0, 0
1668899274.647, -1.27893364701805, -0.511001288232166, 0, 0
1668899274.8, -1.10400475835036, -0.422016961444712, 0, 0
1668899274.85, -1.3073191753771, -0.433279470674847, 0, 0
1668899274.993, -1.34542914368413, -0.730205454759499, 0, 0
1668899275.043, -0.922894222300272, -0.929886514512646, 0, 0
1668899275.113, -1.20746636383481, -0.69268342693843, 0, 0
1668899275.253, -1.73786970972256, 0.493458336189391, 0, 0
1668899275.399, -1.97056833230502, 0.978085769404657, 0, 0
1668899275.449, -1.77720221210959, 1.11382326722129, 0, 0
1668899275.618, -0.985135214630304, 1.48519334620438, 0, 0
1668899275.668, -0.164087869051286, 1.40676628975162, 0, 0
1668899275.811, 1.30713363734708, 1.48287496114585, 0, 0
1668899275.861, 2.10225347094638, 1.36586645027886, 0, 0
1668899276.013, 3.04637058583239, 1.12482975441425, 0, 0
1668899276.063, 4.0640350079147, 1.06783126883786, 0, 0
1668899276.258, 3.45641477997185, -0.213612725700472, 0, 0
1668899276.421, 2.20195148495526, -1.1803711426341, 0, 0
1668899276.471, 1.75117389797373, -1.83637128042523, 0, 0
1668899276.621, 1.24919121340338, -1.17556271228804, 0, 0
1668899276.671, 1.86535439801864, -1.45961097408733, 0, 0
1668899276.828, 0.617867711670385, -0.700383064314281, 0, 0
1668899276.878, 0.920498844320321, -0.759256717203584, 0, 0
1668899277.019, 1.14920062945518, -0.504619049664313, 0, 0
1668899277.069, 0.699130204107973, -1.29734475191529, 0, 0
1668899277.128, 0.107897718792231, -1.38976791044914, 0, 0
1668899277.268, -0.969831512720589, -0.63602986981391, 0, 0
1668899277.425, -3.49571998351547, -0.842795467061762, 0, 0
1668899277.475, -3.93240699957715, -0.957245651885103, 0, 0
1668899277.636, -5.21277133485918, -0.818637477087606, 0, 0
1668899277.686, -4.59438078322677, -0.838533473170088, 0, 0
1668899277.829, -3.86564921744392, -0.585835541266647, 0, 0
1668899277.879, -2.77532220123567, -0.19306870092268, 0, 0
1668899278.034, -0.567825664940017, 0.312298860029301, 0, 0
1668899278.084, 0.0260707193647818, 0.350011572165002, 0, 0
1668899278.135, 0.688569046199262, 0.335856017118758, 0, 0
1668899278.274, 0.587673895436495, 0.143343009596435, 0, 0
1668899278.448, 0.0672325870638133, 1.00348623366767, 0, 0
1668899278.498, -0.149550200762576, 0.523877793172559, 0, 0
1668899278.65, -0.504299123593682, 0.293302900369369, 0, 0
1668899278.7, -0.949066139984438, -0.033045753103238, 0, 0
1668899278.843, -0.228525597475624, -0.109533563569016, 0, 0
1668899278.893, -0.0559419492466589, -0.469205439782485, 0, 0
1668899279.059, -0.522039328437984, -0.118432095038628, 0, 0
1668899279.109, -0.744482104386606, -0.486990971356221, 0, 0
1668899279.29, -1.39885700987506, 0.479975007626592, 0, 0
1668899279.454, -1.29454766045077, 1.19589791445941, 0, 0
1668899279.504, -1.5408230846833, 0.858766047122501, 0, 0
1668899279.673, 0.181791867455132, 1.20388631515465, 0, 0
1668899279.723, 0.761219616284592, 0.788808729525755, 0, 0
1668899279.868, 1.94311696755702, 0.473569031445749, 0, 0
1668899279.918, 2.48902472838907, 0.397850396336281, 0, 0
1668899280.071, 3.48138489193343, -0.216847022303483, 0, 0
1668899280.121, 3.75759035485146, -0.351398885549997, 0, 0
1668899280.309, 2.41059788323591, -0.399395347444056, 0, 0
1668899280.477, 1.79488925958015, 0.024624604921442, 0, 0
1668899280.527, 2.16825562418018, 0.218509139497726, 0, 0
1668899280.679, 0.846688091928343, 0.576365732852864, 0, 0
1668899280.729, 1.31596780800444, 0.448814501465677, 0, 0
1668899280.879, 0.628172221378151, 0.90332631027934, 0, 0
1668899280.929, 1.68321679172834, 0.995101531500922, 0, 0
1668899281.076, -0.0942407209339819, 0.259103700440036, 0, 0
1668899281.126, -0.492216381928358, -0.297721409338322, 0, 0
1668899281.187, -0.771441672692731, -0.405081996189125, 0, 0
1668899281.328, -2.77340112903005, -0.758110886984269, 0, 0
1668899281.488, -3.64096745120014, -1.06805798899495, 0, 0
1668899281.538, -3.39659810688619, -1.2124473555952, 0, 0
1668899281.701, -3.02478119260371, -0.625249853036337, 0, 0
1668899281.751, -1.99491430444226, -0.361809741868512, 0, 0
1668899281.887, -0.796755549180688, -0.588320889449278, 0, 0
1668899281.937, -0.411309300143472, -0.874130035682526, 0, 0
1668899282.1, -0.389359424234982, -0.585517956257348, 0, 0
1668899282.15, -0.378539571270238, -0.439626330772398, 0, 0
1668899282.336, -1.81288378059642, -0.848774667777604, 0, 0
1668899282.505, -1.48452793668963, -0.557793448251431, 0, 0
1668899282.555, -2.30909916671627, -0.564215872713163, 0, 0
1668899282.707, -2.29443196805786, -0.0208780925945007, 0, 0
1668899282.757, -0.649833286235122, 0.269691973198988, 0, 0
1668899282.912, -0.995636839217525, 0.0802496669424073, 0, 0
1668899282.962, -0.620363522986509, 0.214103756363855, 0, 0
1668899283.103, -0.743537701331064, 0.966475646963858, 0, 0
1668899283.153, -0.97161347130131, 0.549827425140734, 0, 0
1668899283.221, -0.92762676059715, 1.32017504257706, 0, 0
1668899283.361, -0.798934555078262, 0.578371809363233, 0, 0
1668899283.511, 0.479885479592724, 0.0740116082530449, 0, 0
1668899283.561, 1.53706314992664, -0.332552340317818, 0, 0
1668899283.726, 1.66930547753137, -0.438325560206948, 0, 0
1668899283.776, 2.88120240591115, 0.233647994356375, 0, 0
1668899283.924, 3.28614192678063, 1.16893883049836, 0, 0
1668899283.974, 3.08962969765602, 0.570626195815663, 0, 0
1668899284.129, 1.83349652955826, 0.0876363314259834, 0, 0
1668899284.179, 1.95308094855633, 0.144765080790705, 0, 0
1668899284.365, 3.01596396732404, 0.149275052024663, 0, 0
1668899284.535, 2.43574998985784, -0.502064637066383, 0, 0
1668899284.585, 2.58116226667468, -0.717867295354466, 0, 0
1668899284.742, 1.49704493503774, 0.382084918250328, 0, 0
1668899284.792, 1.1921798464553, 0.590582652013381, 0, 0
1668899284.927, 0.136733576805312, 0.489811645934012, 0, 0
1668899284.977, 0.347965808160751, 0.159342979870857, 0, 0
1668899285.136, -2.1872774771563, 0.827274111233706, 0, 0
1668899285.186, -2.29963284401487, 0.919364494986652, 0, 0
1668899285.254, -1.99239677507308, 0.648112068932235, 0, 0
1668899285.396, -1.2181186155492, -0.138510179525923, 0, 0
1668899285.536, -0.66514501776382, -0.536629501983697, 0, 0
1668899285.586, -0.293993193491275, -0.55152211500527, 0, 0
1668899285.759, 0.245713252728819, -0.946497129818766, 0, 0
1668899285.809, 0.149255819569447, -1.22489452035705, 0, 0
1668899285.944, -1.25380582359642, -0.853011157699115, 0, 0
1668899285.994, -0.667227066477409, -0.717256544540987, 0, 0
1668899286.152, -1.87825118228986, -1.21197772980443, 0, 0
1668899286.202, -1.40036910854752, -1.24015870989874, 0, 0
1668899286.252, -1.48691510189838, -1.28106857385052, 0, 0
1668899286.398, -0.634422301340777, -0.759208946765085, 0, 0
1668899286.556, -0.862456674669033, -1.60020399209432, 0, 0
1668899286.606, -1.28632336619333, -1.23781611953828, 0, 0
1668899286.761, -1.6857001406018, -0.149466062794744, 0, 0
1668899286.811, -1.14325202352276, -0.239599270394194, 0, 0
1668899286.963, -1.44112909562145, -0.00329968865395358, 0, 0
1668899287.013, -0.41107633213494, 0.0974347476640389, 0, 0
1668899287.169, 1.15962902717837, 0.721166828137498, 0, 0
1668899287.219, 2.08659521804179, 0.320665753926235, 0, 0
1668899287.27, 2.78500205968419, 0.484728253165699, 0, 0
1668899287.41, 3.43414555610903, 0.435762032147807, 0, 0
1668899287.564, 3.68539481218448, 0.525186401117892, 0, 0
1668899287.614, 3.31786849811314, 0.63319856843907, 0, 0
1668899287.784, 2.37071347286243, 0.96719306652524, 0, 0
1668899287.834, 2.63495327147237, 0.749600366900182, 0, 0
1668899287.97, 2.40459851317954, 0.668038356835538, 0, 0
1668899288.02, 2.42516364195376, 0.379508387151162, 0, 0
1668899288.185, 2.23687397744411, 0.313950610401662, 0, 0
1668899288.235, 2.67558729491756, 0.138304057202944, 0, 0
1668899288.421, 1.70993138126963, 0.706526374694462, 0, 0
1668899288.577, 0.219849312098034, 0.794789964637616, 0, 0
1668899288.627, -0.794230876005173, 0.82070642489505, 0, 0
1668899288.798, -2.09010816949001, 1.64810719300868, 0, 0
1668899288.848, -1.722505834164, 0.79841496666549, 0, 0
1668899288.988, -0.939148433404796, 0.508576803189996, 0, 0
1668899289.038, -0.627767031134084, -0.0161582809758443, 0, 0
1668899289.192, -0.256322382789165, -1.1900446296433, 0, 0
1668899289.242, 0.198788459538974, -1.12247611636008, 0, 0
1668899289.295, 0.290623933180569, -0.960658701716625, 0, 0
1668899289.437, -0.646695407466126, -0.303298090150008, 0, 0
1668899289.59, -1.91420574464306, -0.985892718041129, 0, 0
1668899289.64, -1.5963940585697, -0.478108209832527, 0, 0
1668899289.813, -3.04336219041602, -1.31371526232505, 0, 0
1668899289.863, -1.29509725050684, -1.01849694314842, 0, 0
1668899289.998, -1.15670821803101, -0.926723550851193, 0, 0
1668899290.048, -1.29425069655815, -1.12537731355013, 0, 0
1668899290.213, -1.75459124320722, -0.632075265568233, 0, 0
1668899290.263, -1.14510994894491, -0.758061740863894, 0, 0
1668899290.316, -1.50789472692381, -0.593660935300903, 0, 0
1668899290.456, -2.76329874710206, 0.377718695840386, 0, 0
1668899290.608, -2.3759162967383, 0.434490606125124, 0, 0
1668899290.658, -1.46487536135152, -0.0475515036078775, 0, 0
1668899290.819, 0.376793619252709, 0.248189310126193, 0, 0
1668899290.87, 0.921951795257058, 0.322616447895911, 0, 0
1668899291.014, 2.76962501241957, 1.04023464131919, 0, 0
1668899291.064, 2.83063217972574, 1.47370320093761, 0, 0
1668899291.225, 2.26950979848576, 0.715929674243057, 0, 0
1668899291.275, 2.00800408470198, 0.905238497702086, 0, 0
1668899291.327, 1.67611627939374, 0.668401043395519, 0, 0
1668899291.466, 1.63644143277619, 0.760571238959287, 0, 0
1668899291.62, 1.42216041669045, -0.716375184677815, 0, 0
1668899291.67, 2.03092981984963, -0.697877737142534, 0, 0
1668899291.841, 1.9019642077825, 0.62731955110165, 0, 0
1668899291.891, 1.97271969558972, 0.740637032232996, 0, 0
1668899292.028, 0.864423095442106, 1.68177573400641, 0, 0
1668899292.078, 1.18357256187741, 1.29944553681779, 0, 0
1668899292.234, -0.971541514123743, 0.773683880342162, 0, 0
1668899292.284, -0.944725932464451, 0.71038961998984, 0, 0
1668899292.477, -0.556159007881945, 0.0910676857537709, 0, 0
1668899292.646, 0.389795275930965, -0.955769596497419, 0, 0
1668899292.696, 1.67479641969254, -1.5536347519195, 0, 0
1668899292.856, 0.884798192123043, -1.84706610428933, 0, 0
1668899292.906, 1.32374319725895, -0.664228386221765, 0, 0
1668899293.049, 0.0715468526328777, -1.89440965742423, 0, 0
1668899293.099, 0.000485035656197397, -2.23456916545473, 0, 0
1668899293.25, -1.11204649779904, -0.322456007436244, 0, 0
1668899293.3, -0.892321260213038, -0.247074923028265, 0, 0
1668899293.485, -1.88182536901849, 0.49214512140712, 0, 0
1668899293.649, -2.36612788571978, 0.382590717420555, 0, 0
1668899293.699, -3.22328757603157, -0.262935588789588, 0, 0
1668899293.87, -4.08202203076792, 0.157650714071224, 0, 0
1668899293.92, -4.14092169589551, -0.575797979350313, 0, 0
1668899294.059, -4.05855780258057, 1.08286158291706, 0, 0
1668899294.109, -3.03037982863228, 0.817876960398976, 0, 0
1668899294.269, -2.2487420012817, 0.284039539752996, 0, 0
1668899294.319, -1.68188766951812, -0.513270319803581, 0, 0
1668899294.371, -0.0397882775098708, -1.27448620764548, 0, 0
1668899294.51, 1.00172592985862, 0.403958135500716, 0, 0
1668899294.662, 1.26620996457032, -0.281013570028705, 0, 0
1668899294.712, 2.15392826500255, 0.164908431052012, 0, 0
1668899294.871, 3.36885065237712, 1.26581851250701, 0, 0
1668899294.922, 4.07629663234292, 1.63849208684856, 0, 0
1668899295.074, 4.17494095962914, 1.66146368050669, 0, 0
1668899295.124, 4.51424612588917, 0.979685390960967, 0, 0
1668899295.282, 3.54736447330245, 0.679747478753725, 0, 0
1668899295.332, 3.63878769769937, 0.0643169093769131, 0, 0
1668899295.382, 2.80058750879371, -0.0627058914132022, 0, 0
1668899295.522, 0.463833469806133, 0.767770548787524, 0, 0
1668899295.676, -1.90518911953913, -0.411660489928522, 0, 0
1668899295.726, -1.15972212979338, -0.717698040045235, 0, 0
1668899295.898, -1.16874654707414, -0.16954925778478, 0, 0
1668899295.948, -0.834201192957096, -0.221617550569619, 0, 0
1668899296.089, 0.569850846605277, -0.340000650044942, 0, 0
1668899296.139, 1.06842007199185, -0.845493062347288, 0, 0
1668899296.296, 0.0734408163706064, -0.69600331191765, 0, 0
1668899296.346, -0.0553267806890574, -1.04638587002785, 0, 0
1668899296.536, -1.71455872041912, -0.833369242143846, 0, 0
1668899296.7, -2.14059418354626, 0.35171032379526, 0, 0
1668899296.75, -2.34107338447183, 0.109706123770351, 0, 0
1668899296.908, -3.60517337328449, 0.146691314786068, 0, 0
1668899296.958, -2.78915832333345, 0.260359053420686, 0, 0
1668899297.107, -3.63242875690727, -0.267292302704362, 0, 0
1668899297.157, -3.0816204311254, -0.390349571897531, 0, 0
1668899297.3, -2.94161736704723, 1.01510059526949, 0, 0
1668899297.35, -2.76964856667814, 0.79405752155543, 0, 0
1668899297.418, -1.67197333432259, 1.26154783868328, 0, 0
1668899297.558, -0.00428660011684201, 0.922164953350219, 0, 0
1668899297.714, 1.99231741808407, 0.91490387686278, 0, 0
1668899297.764, 2.97084444135007, 0.411111324271445, 0, 0
1668899297.919, 3.36842307967143, 0.220202747835401, 0, 0
1668899297.969, 3.64914690646546, 0.155281776665007, 0, 0
1668899298.109, 3.36045051060358, -0.702868482794969, 0, 0
1668899298.159, 3.98103846547247, -0.708447232130538, 0, 0
1668899298.325, 3.45606330125975, -2.0046743611951, 0, 0
1668899298.375, 4.22488059117973, -1.76447510682675, 0, 0
1668899298.429, 4.39787262084914, -1.70102700406113, 0, 0
1668899298.57, 3.38965673472396, -1.34052029579698, 0, 0
1668899298.728, 1.14454997490998, -0.821217597835869, 0, 0
1668899298.778, 1.26863687431322, -1.10652709576888, 0, 0
1668899298.929, -2.30161336210875, -0.33506658771708, 0, 0
1668899298.979, -1.94474112668311, -0.264365742103195, 0, 0
1668899299.135, -2.67356373888558, 1.08756940378203, 0, 0
1668899299.185, -1.37300863366784, 0.953966850250936, 0, 0
1668899299.325, -1.08132334568378, 1.55568601507291, 0, 0
1668899299.375, -0.0434702065311683, 0.980594333319232, 0, 0
1668899299.438, 0.950901805464156, 0.7541409431891, 0, 0
1668899299.577, 1.13394368160405, 1.47433724382871, 0, 0
1668899299.734, -0.613708142689973, 1.65042011764615, 0, 0
1668899299.784, -0.835934832036145, 1.65474055906883, 0, 0
1668899299.953, -1.87205813098052, 0.819935778987912, 0, 0
1668899300.003, -1.74219695846762, 0.351723852162209, 0, 0
1668899300.146, -1.41579622028286, 0.0962094577475625, 0, 0
1668899300.196, -0.750544926684569, 0.0352770621857559, 0, 0
1668899300.353, -1.46726658170252, -0.707791586457915, 0, 0
1668899300.403, -1.53719895998964, -0.858994581279404, 0, 0
1668899300.592, -1.90616161356309, -1.15277048478265, 0, 0
1668899300.747, -0.718026874975891, -0.669171684139229, 0, 0
1668899300.797, -0.0612893571048403, -0.983588544288466, 0, 0
1668899300.967, 1.6727518752011, -1.003976338673, 0, 0
1668899301.017, 1.90685735474841, -1.00781635202804, 0, 0
1668899301.161, 3.1418521963146, -0.649484590803809, 0, 0
1668899301.211, 3.71888818463469, -0.427493102698008, 0, 0
1668899301.36, 3.01125030051816, -0.0280909389479405, 0, 0
1668899301.41, 2.84934295034498, 0.00687578053479854, 0, 0
1668899301.473, 2.93607081388279, 0.226063537631831, 0, 0
1668899301.615, 3.14122981326267, 1.04797252192182, 0, 0
1668899301.768, 2.45508666278315, 1.55489171161365, 0, 0
1668899301.818, 2.30061698750768, 1.61322351416213, 0, 0
1668899301.972, 1.8594661191656, 1.22875442357761, 0, 0
1668899302.022, 1.51043350157073, 0.96951149984514, 0, 0
1668899302.166, -0.173184083517867, 0.464117874605535, 0, 0
1668899302.216, -1.12526527173745, 0.708569904344856, 0, 0
1668899302.378, -3.07904286698374, -0.290017157387013, 0, 0
1668899302.428, -2.23333728078168, -0.614130681220132, 0, 0
1668899302.492, -2.28942951428414, -0.61515928310564, 0, 0
1668899302.63, -2.12741010325604, -0.462733558832298, 0, 0
1668899302.786, -1.78423097046613, -0.58143595302468, 0, 0
1668899302.836, -0.640769943563328, -0.327495557122859, 0, 0
1668899302.985, -1.52512027948865, -0.678799766184852, 0, 0
1668899303.035, -1.72784514533066, -0.550747009934895, 0, 0
1668899303.18, -2.17579379837917, 0.193888715083432, 0, 0
1668899303.23, -2.08809982619303, 0.484418457078817, 0, 0
1668899303.385, -1.66272642405326, 0.917134163708653, 0, 0
1668899303.435, -1.46313758975677, 0.500831798695287, 0, 0
1668899303.487, -1.04689974708495, 0.0679441599938286, 0, 0
1668899303.627, -1.37394590875152, 1.60069992880197, 0, 0
1668899303.79, -1.47328407625974, 1.76481557934522, 0, 0
1668899303.84, -1.73852791930526, 1.197505494814, 0, 0
1668899304.008, -2.10931408405821, 0.858412925952678, 0, 0
1668899304.058, -1.50159862654709, 0.217687179616803, 0, 0
1668899304.201, 0.740452694441728, -0.326399362506749, 0, 0
1668899304.251, 1.60600204310012, -0.613405114613101, 0, 0
1668899304.41, 2.68193855483437, -1.11743235313466, 0, 0
1668899304.46, 4.18335498727384, -1.27897990104515, 0, 0
1668899304.645, 3.58742093348795, -0.518838056545519, 0, 0
1668899304.812, 2.59324835079804, -0.374157373753008, 0, 0
1668899304.862, 3.50869398471073, -0.661238045824348, 0, 0
1668899305.016, 2.29968004715724, 0.480723224436701, 0, 0
1668899305.066, 2.95375901373379, 0.426439852084528, 0, 0
1668899305.215, 2.39720996520194, 0.13803461500676, 0, 0
1668899305.265, 2.65810360776265, 0.257930740202895, 0, 0
1668899305.412, 1.68741844175167, 1.36399583522851, 0, 0
1668899305.462, 0.417091278744181, 0.792134755446014, 0, 0
1668899305.523, 0.396868138168145, 1.52875585568214, 0, 0
1668899305.663, -1.51285867539065, 1.17334809114578, 0, 0
1668899305.826, -2.23413716115871, 0.857549941106015, 0, 0
1668899305.876, -2.56687055859635, 0.361780656815, 0, 0
1668899306.03, -3.27079463603448, -0.775757466168045, 0, 0
1668899306.08, -2.65358974900164, -1.52642201920014, 0, 0
1668899306.225, -3.16923859938117, -1.24386585570818, 0, 0
1668899306.275, -3.18370085692445, -1.48418116833105, 0, 0
1668899306.43, -4.51500409593737, -1.2552046937553, 0, 0
1668899306.48, -4.3832742396398, -1.33351575389941, 0, 0
1668899306.544, -4.45275626326224, -1.36477137525452, 0, 0
1668899306.685, -4.70293611611731, -0.0834018408149575, 0, 0
1668899306.841, -3.559617746176, -0.173535115518405, 0, 0
1668899306.891, -2.4098948535464, -0.126222762813143, 0, 0
1668899307.042, -1.84741893120918, 1.1603818965546, 0, 0
1668899307.092, -1.68980533276044, 0.953590122012244, 0, 0
1668899307.243, -0.410272793848691, 1.33269861676979, 0, 0
1668899307.293, 0.218646487376901, 1.40956864889793, 0, 0
1668899307.438, 0.404555354415265, 1.05378418419106, 0, 0
1668899307.488, 1.57385565787843, 0.635840419953425, 0, 0
1668899307.55, 2.60745394933139, 0.120811093134094, 0, 0
1668899307.69, 3.7723513390936, -0.480650642651455, 0, 0
1668899307.842, 3.94075787522138, -0.690136554143066, 0, 0
1668899307.892, 4.61561831493069, -0.732182648919945, 0, 0
1668899308.063, 2.91888330415341, -0.608991953270277, 0, 0
1668899308.113, 2.540514202184, -0.590515907203695, 0, 0
1668899308.257, 1.25448252001337, 0.233282765782448, 0, 0
1668899308.307, 1.59246707582417, -0.336792157360719, 0, 0
1668899308.455, 1.07958695736352, -0.432638427137221, 0, 0
1668899308.505, 2.35637553292997, 0.136429057030909, 0, 0
1668899308.7, 2.21389907389232, 0.99874394331583, 0, 0
1668899308.868, 1.13967664714482, 1.01578646275824, 0, 0
1668899308.918, 0.754791708587589, 1.19951663164656, 0, 0
1668899309.076, -1.53250630549832, 0.522425075179243, 0, 0
1668899309.126, -2.17150628300786, -0.70724696480454, 0, 0
1668899309.269, -2.68412828015343, -0.813853712780286, 0, 0
1668899309.319, -2.44244296822376, -0.98999085862269, 0, 0
1668899309.472, -2.14658138333348, -0.753663245854142, 0, 0
1668899309.522, -1.36888727067463, -1.17318804955389, 0, 0
1668899309.572, -1.04665818211802, -1.51848815891179, 0, 0
1668899309.716, -0.0464367131047254, -0.457049021457806, 0, 0
1668899309.883, -0.795305425947106, 0.506975538977315, 0, 0
1668899309.933, -1.07069143901813, 1.20226468411177, 0, 0
1668899310.092, -1.93383750091547, 2.17582590229213, 0, 0
1668899310.142, -0.658200572177009, 1.44112104165418, 0, 0
1668899310.278, -1.92910673302413, 1.57940843699151, 0, 0
1668899310.328, -1.9008181500335, 1.34172405085633, 0, 0
1668899310.492, -1.13846870754298, 0.120225982127607, 0, 0
1668899310.542, -1.26019080353817, -1.1344114436244, 0, 0
1668899310.599, -1.31636780528089, -0.531184321004929, 0, 0
1668899310.738, -2.82530641723866, -0.610593183826921, 0, 0
1668899310.896, -9.42001478189744, -0.859643014861632, 0, 0
1668899310.946, -11.0185122273956, -0.516866562716388, 0, 0
1668899311.099, -18.5322034940271, -0.306916869162535, 0, 0
1668899311.149, -17.8055543584306, -0.59670134585582, 0, 0
1668899311.301, -19.9220534298435, 0.394317278726973, 0, 0
1668899311.351, -19.6918193405768, 0.528902036502103, 0, 0
1668899311.505, -15.1756597584805, 0.309813031484751, 0, 0
1668899311.555, -12.1945035123987, 0.368765283563775, 0, 0
1668899311.61, -10.2039146150921, 0.266183579507924, 0, 0
1668899311.75, -3.81864007008477, 0.31655303443813, 0, 0
1668899311.9, 3.16110685981198, -0.231366477153415, 0, 0
1668899311.95, 5.23991900140777, -0.846065283950281, 0, 0
1668899312.112, 9.97819922543849, -0.684760342462766, 0, 0
1668899312.162, 11.0574647164004, -1.24553922822724, 0, 0
1668899312.317, 15.2266996753248, 0.0535944545418801, 0, 0
1668899312.367, 15.2362127086228, 0.576907195364655, 0, 0
1668899312.508, 14.7205824705347, 1.13700409344015, 0, 0
1668899312.558, 15.4551636699603, 1.24224678057102, 0, 0
1668899312.61, 14.4305860126982, 1.24984615500878, 0, 0
1668899312.753, 11.7010752204095, 0.908321492932188, 0, 0
1668899312.924, 9.79660553837624, 0.874282184447708, 0, 0
1668899312.974, 9.35769367627395, 0.390397541701503, 0, 0
1668899313.124, 6.22926249418521, -0.690734878383893, 0, 0
1668899313.174, 6.8266617391136, -1.2741817630797, 0, 0
1668899313.321, 5.44458754284335, -0.937860605631954, 0, 0
1668899313.371, 4.7629454450917, -0.988016289565678, 0, 0
1668899313.522, 1.69434052732964, -0.926383149382673, 0, 0
1668899313.572, 1.71964219872598, -0.650732522684336, 0, 0
1668899313.624, 0.28274385676383, -1.1498370031396, 0, 0
1668899313.766, -1.86549449386672, 0.155315224492242, 0, 0
1668899313.928, -2.97563272262906, 0.609397695308829, 0, 0
1668899313.978, -1.93722449036292, 0.200047805803706, 0, 0
1668899314.146, -2.49357295966018, 0.551914880436073, 0, 0
1668899314.196, -2.36579420295604, 0.177867915098872, 0, 0
1668899314.336, -2.54686767294683, -0.351043826151198, 0, 0
1668899314.386, -1.93397039908598, -0.277203416047428, 0, 0
1668899314.548, -1.73900584723796, 0.0746783061302381, 0, 0
1668899314.598, -1.65890251190862, 0.0824831112303173, 0, 0
1668899314.783, -0.640668727568794, 0.331806929355636, 0, 0
1668899314.945, 0.888786400890922, 1.23325175192979, 0, 0
1668899314.995, 1.50887888420561, 0.688338942382316, 0, 0
1668899315.151, 2.43244512627405, 0.801235297626391, 0, 0
1668899315.201, 3.65068899734288, 0.668595055604072, 0, 0
1668899315.358, 4.16390964474988, 0.0343433523431287, 0, 0
1668899315.408, 4.19740519246506, -0.693019056724268, 0, 0
1668899315.561, 2.8993050218811, -0.226212348518658, 0, 0
1668899315.611, 3.1363348225336, -0.857307428753103, 0, 0
1668899315.661, 2.35564082651837, -0.758904155755573, 0, 0
1668899315.8, 1.58892616720908, -0.555879151486096, 0, 0
1668899315.955, 1.29774118210977, 0.900254049377992, 0, 0
1668899316.005, 0.673174672221762, 0.735077881964372, 0, 0
1668899316.177, 0.337706772593293, 1.4743515674906, 0, 0
1668899316.227, 0.85985460971358, 0.646894976240858, 0, 0
1668899316.364, -0.0513645933109217, -0.803848682231347, 0, 0
1668899316.414, 0.0768995346831503, -0.778775042551302, 0, 0
1668899316.576, -0.933776703385746, -0.402129284177136, 0, 0
1668899316.626, -1.6028972412449, -1.09114611481283, 0, 0
1668899316.764, -3.03374234054581, -0.82002065918573, 0, 0
1668899316.814, -3.25366077125091, -0.397462285908773, 0, 0
1668899316.978, -4.22131948657372, 0.872990637677844, 0, 0
1668899317.028, -3.36478002936454, 0.557145064014975, 0, 0
1668899317.189, -1.70757860427227, 1.39937264527475, 0, 0
1668899317.239, -1.0881647023439, 1.01401551457397, 0, 0
1668899317.383, -0.442728059143604, -0.0154919325840694, 0, 0
1668899317.433, 0.508944226995538, -0.0824564290782916, 0, 0
1668899317.585, 1.12436523924896, -0.921958401030366, 0, 0
1668899317.635, 1.77934674488614, -0.558695514762434, 0, 0
1668899317.798, 0.0572014208306371, -0.496847959837908, 0, 0
1668899317.848, -0.49174583290619, -0.660658892474459, 0, 0
1668899317.995, -1.33192418591932, 1.38914690570689, 0, 0
1668899318.045, -1.18165660204912, 0.507688179021812, 0, 0
1668899318.207, -2.35662215642552, 1.02508621303876, 0, 0
1668899318.386, -1.58019100097664, -0.249499361881476, 0, 0
1668899318.436, -1.563877680216, -0.418824308483124, 0, 0
1668899318.601, -1.65703480099256, 0.121639495594295, 0, 0
1668899318.651, -1.69775553829092, 0.169564688369377, 0, 0
1668899318.813, -1.45594496550609, 0.0189616537848565, 0, 0
1668899318.863, -2.21163801847803, 0.314954703025208, 0, 0
1668899319.005, -1.72946296155993, 0.528822876884703, 0, 0
1668899319.055, -1.53014307076597, 0.218591214837573, 0, 0
1668899319.211, -1.53306694794401, 0.54249943553377, 0, 0
1668899319.261, -1.21944379651936, -0.867344547058281, 0, 0
1668899319.41, -0.176782247710491, -0.316731349340188, 0, 0
1668899319.46, 0.605050366379544, -1.34766808862585, 0, 0
1668899319.616, 1.19965346419363, -0.193371259946986, 0, 0
1668899319.666, 1.69961241151728, -0.069254313292987, 0, 0
1668899319.827, 1.49504930814149, 0.863874900151487, 0, 0
1668899319.877, 2.32697037382707, 0.432318430280247, 0, 0
1668899320.011, 1.88956565158489, 0.499279820476971, 0, 0
1668899320.061, 1.99798038751669, -0.969582141856506, 0, 0
1668899320.233, 1.15137224746999, -1.90886091316281, 0, 0
1668899320.283, 1.57194533923291, -0.956870926882573, 0, 0
1668899320.414, 0.309404783034211, -1.51527301772148, 0, 0
1668899320.464, 0.0281814662015734, -1.26196241040486, 0, 0
1668899320.628, -1.04318143709924, 0.45924948425295, 0, 0
1668899320.678, -0.746349462077774, -0.0554713614484115, 0, 0
1668899320.841, -1.70280965384521, -0.103790693423633, 0, 0
1668899320.891, -0.5753935681511, 0.74927615324178, 0, 0
1668899321.038, -0.551458935195882, 0.355487298461483, 0, 0
1668899321.088, 0.0562671126117493, -0.00236350330973778, 0, 0
1668899321.245, 0.660201857364257, 0.130115802516812, 0, 0
1668899321.295, 0.747013811573112, -0.509419094497446, 0, 0
1668899321.439, 0.15494146803664, 0.349912645551115, 0, 0
1668899321.489, 0.524353779219211, 0.479220059278461, 0, 0
1668899321.639, -0.764064081333572, 1.07736458515618, 0, 0
1668899321.689, -1.46652982798881, 0.354110564964145, 0, 0
1668899321.855, -2.97315955004311, -0.502903394081585, 0, 0
1668899321.905, -2.29095909063867, 0.198031506983384, 0, 0
1668899322.039, -3.12297402979755, -0.663667584361576, 0, 0
1668899322.089, -3.02921278814588, -1.0848811861556, 0, 0
1668899322.26, -1.77044880029678, 0.429807797420381, 0, 0
1668899322.31, -1.30557455010074, -0.343264402265334, 0, 0
1668899322.446, 0.175027305367905, 0.35472676899154, 0, 0
1668899322.496, 0.856570474542792, 0.734236537819058, 0, 0
1668899322.659, 2.54837418413413, 0.65484881368026, 0, 0
1668899322.709, 2.18352473402598, -1.20549014366205, 0, 0
1668899322.87, 2.06182692317574, -0.470318021426266, 0, 0
1668899322.92, 3.00460372020135, -0.103677979231861, 0, 0
1668899323.053, 3.08103718449237, 0.386081174836491, 0, 0
1668899323.103, 3.29548701152865, -0.539628706792826, 0, 0
1668899323.265, 3.16195688330555, 0.62813915842294, 0, 0
1668899323.315, 3.04940535908989, 0.824267058485148, 0, 0
1668899323.463, 1.62779630607812, 0.651454951706597, 0, 0
1668899323.513, 1.07613691061391, 0.199613936916535, 0, 0
1668899323.673, -0.55009003577382, 0.0853846085010446, 0, 0
1668899323.723, -0.335385100949992, -0.786686640706051, 0, 0
1668899323.883, -1.9012687689621, -1.46325644617093, 0, 0
1668899323.933, -1.23924638173824, -0.29583076967188, 0, 0
1668899324.067, -1.66962776020702, -0.252327253623406, 0, 0
1668899324.117, -1.02009697990988, -0.400056711860515, 0, 0
1668899324.279, -0.62323344465895, -0.224071666148234, 0, 0
1668899324.329, -0.0628052779227914, 0.276809868144497, 0, 0
1668899324.482, -0.617240210880453, 0.183340133611566, 0, 0
1668899324.532, 0.318523010068304, 0.139778993330481, 0, 0
1668899324.676, 0.661749524953478, 0.627607142029021, 0, 0
1668899324.726, 0.991709494860061, -0.118538580416669, 0, 0
1668899324.889, 1.20570828000277, 2.11247596297532, 0, 0
1668899324.939, 0.990240093059356, 1.66510598409118, 0, 0
1668899325.082, 0.285997975903513, 0.474313312593509, 0, 0
1668899325.132, 1.387981130285, 0.417476797424229, 0, 0
1668899325.301, 0.318892694209893, -0.19860640673383, 0, 0
1668899325.351, 0.655356984566765, -0.144596320234797, 0, 0
1668899325.495, -0.138811205325794, -0.800376297989828, 0, 0
1668899325.545, -0.109215701653881, -1.3577903013047, 0, 0
1668899325.696, -0.64222875117423, 0.355941401413503, 0, 0
1668899325.746, -0.136306627836007, 0.0686750001670902, 0, 0
1668899325.912, -0.389599554078217, -1.53081766688766, 0, 0
1668899325.962, 0.00231427130597694, -0.111157172672364, 0, 0
1668899326.097, -0.363666337938383, 0.542544911856439, 0, 0
1668899326.147, 0.142214100504333, 0.408044079286782, 0, 0
1668899326.305, -0.0244729482984383, 2.3772182870262, 0, 0
1668899326.355, 0.427703588129873, 0.902114938976879, 0, 0
1668899326.502, 0.0685638495040735, 2.3854456392596, 0, 0
1668899326.552, -0.749251613413747, -0.0584629044534495, 0, 0
1668899326.711, -1.83167007989493, -0.730258773484167, 0, 0
1668899326.761, -0.921370800072452, -2.2956228733828, 0, 0
1668899326.916, -1.33216386013268, -1.46942943699923, 0, 0
1668899326.966, -1.12270505697907, -1.26799043633829, 0, 0
1668899327.12, -1.0074989258585, -0.03882838151236, 0, 0
1668899327.17, -0.940602054764412, -0.463277743990574, 0, 0
1668899327.319, 0.374347646920739, 0.460851847229023, 0, 0
1668899327.369, 0.0718829577183442, -1.16941559993387, 0, 0
1668899327.524, 1.66447162638917, -0.434196736958, 0, 0
1668899327.574, 2.21208533364853, -1.74831347567536, 0, 0
1668899327.722, 2.89555112869735, -0.869418658108884, 0, 0
1668899327.772, 3.26609331101616, -0.74914922544454, 0, 0
1668899327.939, 3.61978051194239, 0.194074578078215, 0, 0
1668899327.989, 2.82992170906002, 0.412028323629457, 0, 0
1668899328.123, 2.19374330832204, -0.0508778224094044, 0, 0
1668899328.173, 2.20610983775944, -1.45221557683811, 0, 0
1668899328.344, 1.21931225036417, -0.296081682587641, 0, 0
1668899328.394, 1.86193083155388, -0.730630516062121, 0, 0
1668899328.538, 1.79294804151425, 1.24839961747139, 0, 0
1668899328.588, 1.36831434342361, 0.159450362839365, 0, 0
1668899328.737, 2.09425754544802, 1.15465210182388, 0, 0
1668899328.787, 1.14902049862991, -0.512078180186592, 0, 0
1668899328.949, 0.535181034389325, -1.1175565889873, 0, 0
1668899328.999, 0.168295420059167, -0.971582451601279, 0, 0
1668899329.138, 0.335331960250699, 0.648602947507044, 0, 0
1668899329.188, 0.728234302631336, -0.836145894660007, 0, 0
1668899329.359, 0.775191399693, 0.896511415932508, 0, 0
1668899329.409, 0.143190943884122, 0.565224567582263, 0, 0
1668899329.552, 0.920590523587521, -0.0094882709810804, 0, 0
1668899329.602, 0.3187655135917, -1.28581785230767, 0, 0
1668899329.752, 1.64057850618178, -0.646111775936163, 0, 0
1668899329.802, 1.80041948063067, -1.78480376639916, 0, 0
1668899329.947, 3.97542764873407, 0.0127996898917075, 0, 0
1668899329.997, 4.25108343581795, -0.213395234751772, 0, 0
1668899330.151, 7.35827208282603, 0.871845364101361, 0, 0
1668899330.201, 7.31638907004887, -0.305597246142185, 0, 0
1668899330.363, 7.96354292502667, 0.024821683130142, 0, 0
1668899330.413, 7.53114702180284, -0.762473051649266, 0, 0
1668899330.554, 5.23208419458612, -0.734109603088484, 0, 0
1668899330.604, 4.61807571964269, -2.13557334853095, 0, 0
1668899330.769, 1.95298884349896, 0.839967505509421, 0, 0
1668899330.819, 1.15552707072266, -0.724240180901489, 0, 0
1668899330.978, -1.65622776710941, -0.814161324332332, 0, 0
1668899331.028, -1.58069540679995, -0.647161427384958, 0, 0
1668899331.175, -3.64269422113574, -1.9003475135392, 0, 0
1668899331.225, -3.5961764363835, -2.7643198395327, 0, 0
1668899331.377, -3.9281474703717, 0.8933092036239, 0, 0
1668899331.427, -4.04780453251692, -0.600255566836552, 0, 0
1668899331.578, -4.56641597210697, 1.6736064937643, 0, 0
1668899331.628, -4.45053280025607, 0.145136287683613, 0, 0
1668899331.785, -4.02783659229189, -0.136185642474544, 0, 0
1668899331.835, -4.13035658925767, -1.51430612640678, 0, 0
1668899331.985, -3.07201399236797, -0.141491761238598, 0, 0
1668899332.035, -2.92787318680783, -1.10473988060929, 0, 0
1668899332.18, -1.89985656187312, -0.409128673905883, 0, 0
1668899332.23, -1.62204802820091, -0.169288735888131, 0, 0
1668899332.407, -0.855691980554496, -0.328915411681038, 0, 0
1668899332.457, -0.907761747529889, -0.815222432605225, 0, 0
1668899332.591, -1.14367593648828, -1.13024059857307, 0, 0
1668899332.641, -0.879003867299417, -2.05669501631007, 0, 0
1668899332.786, -0.423941055327617, -0.117306822005901, 0, 0
1668899332.836, -0.522284744903885, -0.8033815629054, 0, 0
1668899332.997, -0.373937981639273, 0.789988833233167, 0, 0
1668899333.047, 0.158087874613955, 1.12980071594492, 0, 0
1668899333.204, 0.546765378110109, 1.09146762468016, 0, 0
1668899333.254, -0.431939940504492, -0.351042726575315, 0, 0
1668899333.4, 0.771412073504223, 0.630045049237722, 0, 0
1668899333.45, 0.648204428818758, -0.560601732939432, 0, 0
1668899333.618, 0.774369317009047, 0.234721562990316, 0, 0
1668899333.668, 1.30185804150656, 0.342206084458383, 0, 0
1668899333.802, 1.48684576134983, 0.536119460926571, 0, 0
1668899333.852, 1.13318294263158, -1.02434405782418, 0, 0
1668899334.022, 1.11940622391859, -0.273810915901777, 0, 0
1668899334.072, 0.298472884017286, -1.73118256538618, 0, 0
1668899334.204, -0.124396535742733, -0.972889594446031, 0, 0
1668899334.254, -0.965060882019685, -1.68500571489778, 0, 0
1668899334.417, -1.03980708903359, 0.19101057450024, 0, 0
1668899334.467, -1.58164691024285, -0.402267918406295, 0, 0
1668899334.629, -0.944268354674023, -0.429580492121374, 0, 0
1668899334.679, -0.612491358412427, -0.451651827677978, 0, 0
1668899334.82, -0.251049924819256, 0.299219588660321, 0, 0
1668899334.87, -1.34035522296301, -1.45885135340043, 0, 0
1668899335.035, -0.564140934714572, -0.0127521239231214, 0, 0
1668899335.085, -0.659766673824606, -0.650594027738123, 0, 0
1668899335.231, -0.4561959672277, 0.711121562383141, 0, 0
1668899335.281, -0.716933056872932, 0.174181698226278, 0, 0
1668899335.432, -0.316750355681165, 0.854586679585523, 0, 0
1668899335.482, -0.21517234197043, 0.611475248227535, 0, 0
1668899335.641, 0.869927550392248, 0.880619120070946, 0, 0
1668899335.691, 0.402518174620695, -0.417723081915966, 0, 0
1668899335.839, 0.517229593566839, -0.500641743001523, 0, 0
1668899335.889, -0.49765665456485, -1.35908278915025, 0, 0
1668899336.04, -0.185454972248976, -0.0413197626328383, 0, 0
1668899336.09, -1.59282698667602, -0.970392541845172, 0, 0
1668899336.233, -1.13733552693435, 0.403809094214452, 0, 0
1668899336.283, -0.770687842497239, 0.0687499325943008, 0, 0
1668899336.449, -1.49350270678988, -0.301012982836369, 0, 0
1668899336.499, -1.49331761628326, -0.445547392961686, 0, 0
1668899336.657, -0.901987944988548, -0.695349686511321, 0, 0
1668899336.707, -0.853710319771949, -0.762535788373867, 0, 0
1668899336.855, 0.474895503387103, -0.0810918240190404, 0, 0
1668899336.905, 0.411022538362459, -0.905938577199322, 0, 0
1668899337.055, 1.91956525155334, 0.327784386657669, 0, 0
1668899337.105, 1.79554301871255, -0.400291374917913, 0, 0
1668899337.259, 1.81546479215208, -0.591775560889715, 0, 0
1668899337.309, 2.63743535198995, -1.25507748432733, 0, 0
1668899337.452, 3.19374798222577, -0.82898650199084, 0, 0
1668899337.502, 1.4906657782783, -1.59099517366346, 0, 0
1668899337.661, 2.09412055149645, -0.443975263972874, 0, 0
1668899337.711, 1.53932728176471, -0.763569766861735, 0, 0
1668899337.855, 1.40924432482319, 1.38014647415058, 0, 0
1668899337.905, 0.238451804070536, -0.0988486879223842, 0, 0
1668899338.077, -3.48081266557648, -0.188918967648362, 0, 0
1668899338.127, -2.88944684339049, -0.628015877094526, 0, 0
1668899338.273, -3.13164265852225, -0.980094247049266, 0, 0
1668899338.323, -4.29099388720982, -2.37002503264947, 0, 0
1668899338.478, -2.68057032862973, -1.2822305329658, 0, 0
1668899338.528, -2.33487109052393, -0.673435711977334, 0, 0
1668899338.685, -0.893151121581411, 0.275588399811056, 0, 0
1668899338.735, -0.863073296209762, 0.801778191202615, 0, 0
1668899338.869, -0.257626994275199, 0.224393731810949, 0, 0
1668899338.919, 0.760107807275347, -0.15606002644688, 0, 0
1668899339.081, 0.932535017776019, -0.067335481738013, 0, 0
1668899339.131, 1.13253320755157, -0.405717736285425, 0, 0
1668899339.288, -0.819291648254534, -0.136133002565941, 0, 0
1668899339.338, -1.65661576453238, -0.518286799343514, 0, 0
1668899339.481, -0.957378679101026, -0.422372379672311, 0, 0
1668899339.531, -1.11205766517776, 0.154047530607784, 0, 0
1668899339.697, 0.936556919532904, 0.610631105317225, 0, 0
1668899339.747, 0.585551615526043, 0.264356085658719, 0, 0
1668899339.896, 1.48965197933657, -1.34565175161546, 0, 0
1668899339.946, 3.11584597179163, -1.71169192315671, 0, 0
1668899340.096, 2.70667690164592, -1.229966117288, 0, 0
1668899340.146, 3.73171628028726, -1.1063517804586, 0, 0
1668899340.29, 4.84468936008366, -0.140900620922224, 0, 0
1668899340.34, 4.94629877664033, -0.295725777081458, 0, 0
1668899340.497, 1.49234194896005, 0.998915381162305, 0, 0
1668899340.547, 1.76850442320941, 1.22405051947237, 0, 0
1668899340.713, -0.83109205554365, 0.8527262119417, 0, 0
1668899340.763, -0.19929338193711, 0.666321768650562, 0, 0
1668899340.908, -0.380453735681982, -0.163694579036274, 0, 0
1668899340.958, -0.735614218231063, -0.867699253974649, 0, 0
1668899341.11, -3.43245217154831, -0.512310269253078, 0, 0
1668899341.16, -3.81124763981472, -0.365671759544711, 0, 0
1668899341.315, -4.98936907155422, 0.571972201079546, 0, 0
1668899341.365, -5.56691564335054, 0.432229059338056, 0, 0
1668899341.516, -4.73135665591619, 0.821300960970191, 0, 0
1668899341.566, -3.40071090365734, 0.792933393240219, 0, 0
1668899341.728, -1.81995233344824, 0.0498095367885014, 0, 0
1668899341.778, -0.70303486539612, 0.193884286295713, 0, 0
1668899341.912, -0.455950604897879, -0.595631620823497, 0, 0
1668899341.962, 0.810564061440573, -0.424302301207206, 0, 0
1668899342.134, 1.15358744342802, -0.167390418085944, 0, 0
1668899342.184, 1.79130639228521, 0.34471947083243, 0, 0
1668899342.33, 3.11653859787236, 0.222622630945395, 0, 0
1668899342.38, 3.31417025999849, 0.859197824127079, 0, 0
1668899342.53, 4.07853974923634, 0.658027860180766, 0, 0
1668899342.58, 4.62925780872652, 0.704545129886654, 0, 0
1668899342.722, 4.75857766412219, 1.00766747200376, 0, 0
1668899342.772, 4.70091204017996, -0.0945979513691952, 0, 0
1668899342.938, 3.79966643479443, -0.264695564082928, 0, 0
1668899342.988, 2.18118309980184, -0.421078190326625, 0, 0
1668899343.139, -0.227266742951599, -0.64157522391892, 0, 0
1668899343.189, -2.70616525392646, -1.15510773184778, 0, 0
1668899343.335, -2.68382243528467, -0.786751637018568, 0, 0
1668899343.385, -3.00810034946181, -0.964987153046479, 0, 0
1668899343.534, -2.54596685548975, 0.744267854083006, 0, 0
1668899343.584, -3.85037084531038, 0.0312013501976054, 0, 0
1668899343.756, -2.91566884151709, 0.272537365636907, 0, 0
1668899343.806, -2.4526965427537, -0.128474119914472, 0, 0
1668899343.95, -2.58547625410537, -0.803285676758179, 0, 0
1668899344, -2.14825265896792, -0.998008674567387, 0, 0
1668899344.152, -1.43124611690791, -0.986595767118416, 0, 0
1668899344.202, -2.13794125070089, -0.952305025313422, 0, 0
1668899344.343, -2.0079539665567, -0.665252848903492, 0, 0
1668899344.393, -1.31256967886398, -0.431983302076389, 0, 0
1668899344.556, 0.174133191695006, 1.18341705678149, 0, 0
1668899344.606, -0.33389234900514, 1.20910507240748, 0, 0
1668899344.763, 1.1147660392659, 1.22916051007905, 0, 0
1668899344.813, 2.30958357476709, 1.252001617376, 0, 0
1668899344.964, 0.384671563988064, -0.950667184712472, 0, 0
1668899345.014, 0.0988090294706012, -1.28106763433979, 0, 0
1668899345.165, 0.393956279666213, -0.511455679266959, 0, 0
1668899345.215, 0.122897812426601, -0.68411358862167, 0, 0
1668899345.371, 0.652705047050034, -0.41108720555431, 0, 0
1668899345.421, 0.698745118445231, -0.613433178359401, 0, 0
1668899345.575, 1.03163133847707, -0.424951977454498, 0, 0
1668899345.625, 1.20384620248217, 0.4327150467156, 0, 0
1668899345.773, 2.85910437445304, 1.39912114066711, 0, 0
1668899345.823, 1.83532614423768, 1.0158305500284, 0, 0
1668899345.969, 0.34814695833299, 1.65560146173144, 0, 0
1668899346.019, -0.854661164235637, 0.811882304064426, 0, 0
1668899346.182, -2.41800034061498, -0.364978164658652, 0, 0
1668899346.232, -1.43646414703696, -0.162440865283372, 0, 0
1668899346.384, -1.51775311710955, -0.349224730377784, 0, 0
1668899346.434, -2.06208146563438, -0.519587359548154, 0, 0
1668899346.581, -0.914167151175178, 0.37639036762998, 0, 0
1668899346.631, -0.818990840016482, -0.0447273014512177, 0, 0
1668899346.789, 0.412035135161545, -0.24668219885794, 0, 0
1668899346.839, 0.351342071722172, 0.359743865345251, 0, 0
1668899346.99, 0.267581778312518, -0.228260673018525, 0, 0
1668899347.04, 0.506266657335459, -0.790293752527504, 0, 0
1668899347.204, 0.40326916022903, -0.115315757390022, 0, 0
1668899347.254, -0.194463745007567, -0.608798400155052, 0, 0
1668899347.396, -0.769146604109039, -1.005839714985, 0, 0
1668899347.446, -0.0490321013811297, -0.708783490048404, 0, 0
1668899347.596, 0.216421180020319, -0.553075152734522, 0, 0
1668899347.646, -0.411398830645112, -1.74901761458017, 0, 0
1668899347.812, -0.280281887460063, -0.471007155989014, 0, 0
1668899347.862, -1.45699949694688, -0.906622784767393, 0, 0
1668899348.004, -1.72051273300494, -1.05267524825865, 0, 0
1668899348.054, -0.951162981501, -1.05166523217019, 0, 0
1668899348.219, -1.41070388087644, 1.34287083633308, 0, 0
1668899348.269, -1.32208050201911, 0.962289812540121, 0, 0
1668899348.402, -0.165957257919018, 1.0633060415428, 0, 0
1668899348.452, 0.13456664497815, 1.283091533933, 0, 0
1668899348.613, -1.26228478201975, -1.22546728887707, 0, 0
1668899348.663, -0.934460805422077, -1.90014411778816, 0, 0
1668899348.825, -0.00548775422561221, -2.16369471792436, 0, 0
1668899348.875, 0.425976545703975, -1.78475701704497, 0, 0
1668899349.014, -0.217082953794176, -1.67507266915038, 0, 0
1668899349.064, 0.636315433115698, -1.14239389726524, 0, 0
1668899349.22, 2.14212273220772, 0.403370597346381, 0, 0
1668899349.27, 2.12693964119899, 0.572562994184764, 0, 0
1668899349.426, 2.70384364502075, 1.9610620040429, 0, 0
1668899349.476, 2.59744468554953, 2.0553321263415, 0, 0
1668899349.616, 1.97807137513624, 1.5093275307598, 0, 0
1668899349.666, 2.45639095392963, 0.907273197413787, 0, 0
1668899349.839, 0.263431336364647, 1.64406536572356, 0, 0
1668899349.889, -0.118146689111086, 1.34297188934258, 0, 0
1668899350.024, -0.0881922945910389, 0.422505206371071, 0, 0
1668899350.074, -0.473462304154424, -0.484648102662931, 0, 0
1668899350.246, -0.43839760890296, 0.188734097702039, 0, 0
1668899350.296, 0.0948182296704658, 0.0995249299113112, 0, 0
1668899350.43, -0.555010656051422, -0.209060565300945, 0, 0
1668899350.48, -0.283987551909462, -0.0603694500055951, 0, 0
1668899350.643, -0.145822481464847, 0.708877480145048, 0, 0
1668899350.693, -0.452657476307877, 0.48668264305563, 0, 0
1668899350.835, 1.85309293859268, 0.913161982009882, 0, 0
1668899350.885, 1.90777963685505, 1.31761228372038, 0, 0
1668899351.046, 3.84497967249803, 1.51005580838711, 0, 0
1668899351.096, 3.58162077649956, 0.718093887128646, 0, 0
1668899351.259, 4.17498229131652, 0.904735771241462, 0, 0
1668899351.309, 4.20818351227521, 0.442795774043276, 0, 0
1668899351.445, 2.14481535448331, -0.208826942439117, 0, 0
1668899351.495, 1.59755113614816, -1.0427775866969, 0, 0
1668899351.651, -0.593938075814918, -2.00935031378665, 0, 0
1668899351.701, -0.528731623130994, -2.09128426955115, 0, 0
1668899351.865, -1.47534998881756, -1.92293696565099, 0, 0
1668899351.915, -1.62240737375618, -1.91283896138867, 0, 0
1668899352.061, -1.93176807029525, -0.330230774666802, 0, 0
1668899352.111, -1.71379350037088, -0.588148931690483, 0, 0
1668899352.27, -0.607698153131565, 0.0716265428247596, 0, 0
1668899352.32, 0.0042064140478999, -0.687688838626059, 0, 0
1668899352.458, -0.317228636876024, 0.661063444633413, 0, 0
1668899352.508, -1.02636701394667, 0.774657148702261, 0, 0
1668899352.67, 0.213831826998984, 0.640294897597329, 0, 0
1668899352.72, 0.796247519160744, 0.318251888819717, 0, 0
1668899352.881, 1.52341346358585, 0.514765708116116, 0, 0
1668899352.931, 1.10956077989425, 0.313226058616465, 0, 0
1668899353.065, 0.860821299534535, -0.769995143181887, 0, 0
1668899353.115, 1.7481694974509, -1.26751611045421, 0, 0
1668899353.279, -0.504010825127921, -1.04084643516001, 0, 0
1668899353.329, 0.107315108919011, -1.22929991995187, 0, 0
1668899353.483, -1.51209973672849, -1.03108815629164, 0, 0
1668899353.533, -1.30160575164871, -1.1927151753857, 0, 0
1668899353.685, -1.46159790124923, -0.0728427230926343, 0, 0
1668899353.735, -2.04575134962596, -0.0820444374543001, 0, 0
1668899353.895, -0.961189858298212, 0.659369328382837, 0, 0
1668899353.945, -1.05580021727377, 0.198202952137436, 0, 0
1668899354.079, -1.36652818635309, 0.677268085540064, 0, 0
1668899354.129, -1.91159291372617, 0.733626514061712, 0, 0
1668899354.299, -0.827924471026222, 0.906639502454027, 0, 0
1668899354.349, -0.170809897463101, 0.309452647427378, 0, 0
1668899354.487, 0.434871717971163, 0.375127201408034, 0, 0
1668899354.537, 0.632041798718802, 0.432346788449436, 0, 0
1668899354.691, 2.286875474216, -0.121627377681563, 0, 0
1668899354.741, 3.61357954150873, -0.838000518207963, 0, 0
1668899354.905, 3.53467292257952, -1.43619897917077, 0, 0
1668899354.955, 3.03971296824213, -1.1789683688626, 0, 0
1668899355.101, 1.67327933787709, -1.33636044033048, 0, 0
1668899355.151, 1.20010108817382, -1.26320566074483, 0, 0
1668899355.316, 0.4119078894403, -0.604533960048599, 0, 0
1668899355.366, -0.0331345682891708, -0.483457403826861, 0, 0
1668899355.509, 0.118230212025651, 0.380674383458, 0, 0
1668899355.559, 0.874712545371352, 0.325405039803769, 0, 0
1668899355.708, 1.79845625558923, 0.685282288297358, 0, 0
1668899355.758, 1.37642341086183, -0.112350848537858, 0, 0
1668899355.921, 1.96590503303005, 0.475180471085636, 0, 0
1668899355.971, 1.93811462784984, 0.40800717142578, 0, 0
1668899356.113, 2.38386549518199, 0.454622495193675, 0, 0
1668899356.163, 2.12186339604784, 0.122273376674585, 0, 0
1668899356.33, 3.89878781190842, 0.130074805504307, 0, 0
1668899356.38, 3.38964008569303, 0.16696702975473, 0, 0
1668899356.513, 1.80983803480621, -0.227275795918843, 0, 0
1668899356.563, 0.790261333649283, -0.433226471197258, 0, 0
1668899356.726, -1.29725325481172, -1.13521783180008, 0, 0
1668899356.776, -2.48313290099705, -1.2430490606848, 0, 0
1668899356.918, -3.19009165787762, -0.947714100307479, 0, 0
1668899356.968, -4.05387552484413, -0.746159563448089, 0, 0
1668899357.129, -2.45969642289941, -0.693977151642912, 0, 0
1668899357.179, -1.6280550669947, -0.854184545942417, 0, 0
1668899357.334, 3.74169220231693, 0.165731882257091, 0, 0
1668899357.384, 4.89345683784452, 0.460711726553015, 0, 0
1668899357.534, 7.85144029242736, 0.738987267332604, 0, 0
1668899357.584, 8.10029663480603, 0.679921685388791, 0, 0
1668899357.739, 8.79177441514824, 0.798852534251864, 0, 0
1668899357.789, 8.06337582558123, 1.35580776093811, 0, 0
1668899357.941, 6.64611587604045, 2.1417565737283, 0, 0
1668899357.991, 5.86104586346946, 2.37744023822938, 0, 0
1668899358.136, 4.938249658221, 1.02857979831794, 0, 0
1668899358.186, 4.79983735514173, 1.05653511211831, 0, 0
1668899358.357, 1.49209592979608, 0.395912659618688, 0, 0
1668899358.407, -0.0226831569294177, 0.149521247429007, 0, 0
1668899358.55, -2.35380658786931, -0.751760995875827, 0, 0
1668899358.6, -3.56933663362648, -0.49370335389284, 0, 0
1668899358.752, -3.99289876690307, -1.36596172523502, 0, 0
1668899358.802, -4.73942846756515, -1.14885303465971, 0, 0
1668899358.944, -3.7374823533759, -0.122841128810336, 0, 0
1668899358.994, -3.80728851756464, -0.0787416871921209, 0, 0
1668899359.158, -3.46194683814542, 0.00787009233646074, 0, 0
1668899359.208, -2.25864677253992, -0.133992643555729, 0, 0
1668899359.371, 0.200821962221852, 0.131363471342695, 0, 0
1668899359.421, 0.712513287443983, 0.00160605516929024, 0, 0
1668899359.564, 2.80300043716852, -0.0802451535454622, 0, 0
1668899359.614, 3.27622274605068, -0.560459771802613, 0, 0
1668899359.763, 1.15298793370479, -0.384659022538756, 0, 0
1668899359.813, 0.133089597171676, -0.782309111113619, 0, 0
1668899359.976, -1.9290148392376, 0.784495146816212, 0, 0
1668899360.026, -1.99256056656202, 1.20868176611356, 0, 0
1668899360.172, -0.745153677810208, 0.898625490153663, 0, 0
1668899360.222, -0.094701485975321, 0.70584193325557, 0, 0
1668899360.38, 2.60190420883723, 0.401435643141852, 0, 0
1668899360.43, 3.80335027616937, -0.00791395186482191, 0, 0
1668899360.57, 7.4371616856815, 0.513164388309534, 0, 0
1668899360.62, 6.90397423522057, 0.431416906449897, 0, 0
1668899360.773, 4.56670580071844, -0.990972916321397, 0, 0
1668899360.823, 2.4851277195483, -1.17666373718887, 0, 0
1668899360.994, -3.4904577541042, -1.97809254310977, 0, 0
1668899361.044, -4.79161078240654, -1.93790996187727, 0, 0
1668899361.186, -6.68180706508284, -1.24009782030114, 0, 0
1668899361.236, -6.78010467634761, -1.19038368190451, 0, 0
1668899361.39, -6.55384533246186, -0.411794581011918, 0, 0
1668899361.44, -6.48932471654649, -0.485400334518744, 0, 0
1668899361.594, -6.05044770663761, 0.107947245651133, 0, 0
1668899361.644, -5.49422549580828, 0.214031890615217, 0, 0
1668899361.787, -3.54045559584054, 1.09207320232812, 0, 0
1668899361.837, -2.56796534496837, 0.92681897322224, 0, 0
1668899362.006, 0.95739359303775, 1.47841580078631, 0, 0
1668899362.056, 1.08676827896704, 1.04876910698826, 0, 0
1668899362.191, -0.531644150902679, -2.42500174892962, 0, 0
1668899362.241, 1.00250970918307, -1.75377534783723, 0, 0
1668899362.413, 0.344635299482206, -0.341106542905038, 0, 0
1668899362.463, 1.26173711799109, 0.156449254252777, 0, 0
1668899362.604, 5.06716442435112, 1.17633572915859, 0, 0
1668899362.654, 6.00960863968027, 0.963422148014416, 0, 0
1668899362.807, 8.33015093784732, -0.104534156616296, 0, 0
1668899362.857, 6.16201496510158, 0.839589599933632, 0, 0
1668899363.002, 7.2321484356186, 3.54216234750535, 0, 0
1668899363.052, 5.61159260159249, 5.32644279230519, 0, 0
1668899363.206, 6.58794489778057, 6.21992933235434, 0, 0
1668899363.256, 6.33150416136456, 6.4413226812421, 0, 0
1668899363.427, 5.61922975662134, 3.58026529153535, 0, 0
1668899363.477, 6.31916312016983, 3.10310886355562, 0, 0
1668899363.623, 4.26763936286315, 0.333310131531817, 0, 0
1668899363.673, 0.886383836581473, -0.578351955468776, 0, 0
1668899363.821, -0.885670728888329, -0.549498876357063, 0, 0
1668899363.871, -2.66289351012534, -0.272772312518612, 0, 0
1668899364.037, -4.57250820541404, 2.98152888074702, 0, 0
1668899364.087, -5.31766402613246, 7.32559817242885, 0, 0
1668899364.229, -7.31945413492505, 9.95467238848593, 0, 0
1668899364.279, -9.29792725345271, 12.6422194664968, 0, 0
1668899364.43, -7.5506145966099, 18.7531286561681, 0, 0
1668899364.48, -8.05507531686496, 19.247283286537, 0, 0
1668899364.627, -6.79372400215007, 23.8085268279622, 0, 0
1668899364.677, -6.50615309827165, 26.2872441251583, 0, 0
1668899364.827, -10.3899077358107, 60.8119268109727, 0, 0
1668899364.877, -6.78224083849656, 67.3890064065655, 0, 0
1668899452.001, -93.9229069412818, -60.098942361598, 0, 0
1668899452.068, -94.654825720962, 81.3238727783328, 0, 0
