1668048740.69, 90.380336010913, -45.7228603478045, 0, 0
1668048740.772, 90.1283939748997, -45.3792830574998, 0, 0
1668048740.931, 87.2331149836679, -41.2103263462041, 0, 0
1668048740.981, 79.2010398714124, -37.2882551917447, 0, 0
1668048741.135, 53.0334736253302, -25.0220662375937, 0, 0
1668048741.215, 38.3967033348391, -18.7988085472665, 0, 0
1668048741.349, 18.2478631104287, -10.8220725291548, 0, 0
1668048741.399, 12.233496254307, -8.69245957166598, 0, 0
1668048741.535, 1.74374036147805, -3.17281314126686, 0, 0
1668048741.585, -0.0877824823614333, -2.65238991039763, 0, 0
1668048741.75, -3.64796140754891, -0.916103840399217, 0, 0
1668048741.8, -3.37624335627507, -0.531252101357239, 0, 0
1668048741.939, -3.33383118819947, 0.007049552379641, 0, 0
1668048741.989, -2.59643066537114, -0.342457554780964, 0, 0
1668048742.157, -0.715436611673084, 0.346163445723406, 0, 0
1668048742.232, -0.168189709839226, 0.589314549668487, 0, 0
1668048742.37, -0.502443724735997, 0.703923996176016, 0, 0
1668048742.552, 0.706024935236798, 1.03013700007459, 0, 0
1668048742.602, 0.359250280300273, 0.613506150286881, 0, 0
1668048742.764, 0.274269393814194, 0.318111386258281, 0, 0
1668048742.818, 1.60926315614518, 0.594215662609429, 0, 0
1668048742.958, 2.45922196385854, 0.0168308706831226, 0, 0
1668048743.008, 1.64413509635247, -0.251309503264224, 0, 0
1668048743.171, 0.633255814074204, 0.593746685953647, 0, 0
1668048743.244, 0.267857065111514, 0.238399902423112, 0, 0
1668048743.377, -1.57292477498629, -0.0335311359421837, 0, 0
1668048743.427, -1.29377358999278, -0.47732112837943, 0, 0
1668048743.563, -1.73222557711739, -0.144763634349857, 0, 0
1668048743.613, -0.868558275055022, -0.0809840685502934, 0, 0
1668048743.78, -0.283438013747372, 0.849638809846596, 0, 0
1668048743.83, 0.552417561535549, 0.575207457187929, 0, 0
1668048743.973, 1.44277102544817, 0.79239926800031, 0, 0
1668048744.023, 2.51733509747109, 0.765824525256548, 0, 0
1668048744.184, 1.5148923495245, 0.94994771608529, 0, 0
1668048744.256, 1.39562225411731, 1.01074019684155, 0, 0
1668048744.392, 0.757114475669965, 0.531991390153593, 0, 0
1668048744.442, 0.143376334248074, 0.218028473130687, 0, 0
1668048744.578, -0.437562496584263, -0.0519118999398529, 0, 0
1668048744.628, -0.00315716709246772, -0.0560636053643861, 0, 0
1668048744.793, -0.642530536187195, 0.600480840680731, 0, 0
1668048744.843, -0.487008024095502, 0.459797388155451, 0, 0
1668048744.987, -1.49841877902674, -0.151426270483483, 0, 0
1668048745.037, -1.99276604818652, -0.185115313467975, 0, 0
1668048745.195, -2.83813623528854, 0.326530478551589, 0, 0
1668048745.271, -3.26197864482432, -0.106750823949369, 0, 0
1668048745.405, -2.64708034396517, -0.181004115545107, 0, 0
1668048745.455, -1.68147291603668, -0.345361226124055, 0, 0
1668048745.589, -0.451576480011738, -0.501141445756673, 0, 0
1668048745.639, -0.106713874064695, -0.567214603854069, 0, 0
1668048745.802, 1.44762995652363, -0.579088484666471, 0, 0
1668048745.852, 1.92748796743334, -1.05384578989305, 0, 0
1668048745.996, 1.38673965975582, -1.00115340801449, 0, 0
1668048746.046, 1.85312642839898, -0.719816604117369, 0, 0
1668048746.208, 0.22443369762783, -0.255785207318951, 0, 0
1668048746.289, 0.340281845298534, 0.056538619149336, 0, 0
1668048746.424, 0.33653877831145, -0.103096793910026, 0, 0
1668048746.605, 1.73476823205158, 0.216915710019961, 0, 0
1668048746.655, 1.63305884468949, 0.0601058340912317, 0, 0
1668048746.816, 0.954576201810426, 0.117530845691661, 0, 0
1668048746.867, 0.934688677513378, -0.32620668220153, 0, 0
1668048747.018, -0.433542679514858, 0.0726521670187452, 0, 0
1668048747.068, -0.321096899072728, -0.281668187547638, 0, 0
1668048747.228, -1.55293572399469, -0.0922391095144803, 0, 0
1668048747.298, -1.34281958116898, -0.196455807184293, 0, 0
1668048747.434, -0.902197534375318, 0.170470552917394, 0, 0
1668048747.484, -0.553755842400534, 0.246137823648027, 0, 0
1668048747.621, -0.265316543626284, 0.73493349940037, 0, 0
1668048747.671, -0.038014596562391, 0.428858387734778, 0, 0
1668048747.838, -0.799532204444233, 0.593195432842947, 0, 0
1668048747.888, -1.28101778977896, 0.318638678306854, 0, 0
1668048748.031, -2.96080894108678, 0.369090495776675, 0, 0
1668048748.081, -3.05884807460293, 0.368598540271293, 0, 0
1668048748.24, -4.64961740633916, -0.253067958523189, 0, 0
1668048748.313, -4.08057870422132, -0.50237567933064, 0, 0
1668048748.448, -3.87783157230581, 0.161524825510597, 0, 0
1668048748.498, -3.45942353040911, 0.436024371726688, 0, 0
1668048748.634, -3.31148371710751, 0.815758557207488, 0, 0
1668048748.684, -3.66863224095897, 0.566346090906634, 0, 0
1668048748.85, -3.48610578547255, 0.7593333302068, 0, 0
1668048748.9, -3.6420299061908, 0.65838766700594, 0, 0
1668048749.041, -2.76712659966728, 0.591028099194972, 0, 0
1668048749.091, -1.87176299721352, 0.270891521650569, 0, 0
1668048749.248, -0.126847915848288, -0.521896971825754, 0, 0
1668048749.328, 0.172651046203782, -0.199707504521257, 0, 0
1668048749.462, 2.09372339453046, -0.321292322204471, 0, 0
1668048749.512, 2.3971553941241, -0.429518401388918, 0, 0
1668048749.646, 1.1224431665126, -0.352535070721729, 0, 0
1668048749.696, 1.3567067551063, -0.490256331418806, 0, 0
1668048749.857, 0.409861914487379, 0.145964189770737, 0, 0
1668048749.907, 1.23992988301003, 0.528259860080595, 0, 0
1668048750.05, 1.8002912329658, -0.184405370316568, 0, 0
1668048750.1, 2.0619899532399, -0.694744112839544, 0, 0
1668048750.266, 2.04947949567546, -0.502226584157711, 0, 0
1668048750.345, 1.62508717206703, -0.292026527463065, 0, 0
1668048750.481, 0.124730702831044, -1.14816859344444, 0, 0
1668048750.661, -2.16224044803283, -0.693142028731387, 0, 0
1668048750.711, -2.59845762107406, -0.843241071259001, 0, 0
1668048750.872, -2.91749072251585, -0.428902377199506, 0, 0
1668048750.922, -1.46469408843544, -0.408880817869573, 0, 0
1668048751.068, -0.822788831123688, -0.16732691137554, 0, 0
1668048751.118, -0.254857063616583, 0.162118889741038, 0, 0
1668048751.28, -0.0432943705958451, -0.0436829559520788, 0, 0
1668048751.36, -0.0663930658173513, 0.362323873429162, 0, 0
1668048751.495, -1.10543894241619, -0.000904709068208831, 0, 0
1668048751.674, -1.99668509276799, 0.457337016729653, 0, 0
1668048751.724, -1.87354532142982, 0.611780056990014, 0, 0
1668048751.887, -1.54553421083486, 1.08566476284504, 0, 0
1668048751.937, -1.26066533398208, 1.36910218674741, 0, 0
1668048752.083, -1.52301407175327, 0.544262818401933, 0, 0
1668048752.133, -1.74546440397543, -0.0723672054784288, 0, 0
1668048752.297, -2.05489784161043, -0.171991892221484, 0, 0
1668048752.369, -1.33301906280846, -0.385978033994348, 0, 0
1668048752.503, -0.26354977834896, -0.228058416358607, 0, 0
1668048752.553, 0.855300348136495, 0.26002531497592, 0, 0
1668048752.69, 1.4126097135335, 0.65095419703303, 0, 0
1668048752.74, 2.07685457250341, 0.455576494915476, 0, 0
1668048752.903, 3.35461053930206, 0.710695139936007, 0, 0
1668048752.953, 3.73807217621427, 1.07785602325431, 0, 0
1668048753.096, 2.88972366671828, 0.288815822405695, 0, 0
1668048753.146, 2.42406374591272, -0.189774172706336, 0, 0
1668048753.304, 2.77903027853026, -0.356608416217568, 0, 0
1668048753.382, 2.71005021549402, -0.587261349787639, 0, 0
1668048753.516, 2.74939600981995, -0.500163169403805, 0, 0
1668048753.566, 2.43603147854157, -0.673125292973396, 0, 0
1668048753.702, 1.6890900862185, -0.0932022313458845, 0, 0
1668048753.752, 0.935559448204685, -0.851892994274436, 0, 0
1668048753.918, -1.10522746088631, -0.787955346511893, 0, 0
1668048753.968, -2.12357475379886, -1.2009343319767, 0, 0
1668048754.107, -3.91293617590324, -1.15608440624351, 0, 0
1668048754.157, -3.39201507380497, -1.2343116308694, 0, 0
1668048754.321, -3.098523683709, -1.26228208822405, 0, 0
1668048754.406, -2.19017471555847, -1.00842907013964, 0, 0
1668048754.542, -1.0738930041652, -0.420816857463848, 0, 0
1668048754.715, -0.855012308583468, 0.464300545137306, 0, 0
1668048754.765, -1.13907708226492, 0.491584763870023, 0, 0
1668048754.927, -1.62068395122327, 1.04571708818773, 0, 0
1668048754.977, -0.853060332134419, 0.715182638751926, 0, 0
1668048755.126, -0.836535710148098, 0.505469613800472, 0, 0
1668048755.176, -0.167069624008832, 0.101994639507836, 0, 0
1668048755.334, -0.762821602929733, 0.821053410355717, 0, 0
1668048755.384, -0.498195977042656, 0.561997414741384, 0, 0
1668048755.549, -2.02717361648541, 1.11095602076021, 0, 0
1668048755.728, -3.6695806918656, -0.167592913173792, 0, 0
1668048755.778, -3.38593254154409, -0.11257615453161, 0, 0
1668048755.946, -3.26723120975944, -0.301586388103857, 0, 0
1668048755.996, -1.63867209980734, -0.464510510473616, 0, 0
1668048756.139, 0.427730885246973, 1.0106604597439, 0, 0
1668048756.189, 1.2552076694117, 0.798379740020181, 0, 0
1668048756.355, 1.22409198312349, 1.20905572214413, 0, 0
1668048756.433, 1.29216722946714, 1.463078733621, 0, 0
1668048756.568, 1.94878192090115, 0.787456279295597, 0, 0
1668048756.747, 3.02695305710702, 0.0409666352464484, 0, 0
1668048756.797, 2.9138151082505, -0.873848315484423, 0, 0
1668048756.962, 2.83946333071364, -1.09624035662239, 0, 0
1668048757.012, 3.04525865718674, -1.04947952476235, 0, 0
1668048757.154, 1.53136272857245, -0.741643041788791, 0, 0
1668048757.204, 0.683558832810206, -1.47523267419575, 0, 0
1668048757.362, -1.5197396390904, -0.534214903550549, 0, 0
1668048757.441, -0.916778363936771, -0.833995047542516, 0, 0
1668048757.574, -0.767780179745273, -2.26113058541915, 0, 0
1668048757.624, 0.148726000716067, -1.86367853753984, 0, 0
1668048757.757, 0.927117237653874, -1.28988830339739, 0, 0
1668048757.807, 1.76112729019323, -1.13064756595611, 0, 0
1668048757.972, 0.710457200547012, 0.0546148168635341, 0, 0
1668048758.022, 0.420240210045534, 0.0905795079362832, 0, 0
1668048758.165, 0.0314574781280044, 0.0713772231978567, 0, 0
1668048758.215, -0.267964054967791, -0.13202473830799, 0, 0
1668048758.378, -0.812526075164413, -0.424042660699257, 0, 0
1668048758.428, -0.145141186633538, -0.726729265914742, 0, 0
1668048758.592, -0.966158595234447, 0.915665637772364, 0, 0
1668048758.771, -1.93277736367983, 1.33840177233041, 0, 0
1668048758.821, -2.11068597639925, 1.99670227982132, 0, 0
1668048758.984, -2.66921548094444, 2.436113624212, 0, 0
1668048759.034, -1.75822673032766, 1.1959031108816, 0, 0
1668048759.181, -0.233920024501117, 1.71439116431925, 0, 0
1668048759.231, 0.305935105703526, 2.01448384868901, 0, 0
1668048759.388, 2.04545789973619, 0.979239476965304, 0, 0
1668048759.438, 2.4708131617148, 0.729217879997421, 0, 0
1668048759.612, 1.43672217785996, 0.259565736558699, 0, 0
1668048759.784, 2.06757569995364, 0.0138752288363406, 0, 0
1668048759.834, 1.73001640982125, -0.151395938820485, 0, 0
1668048760.001, 1.97822735053629, -0.0192375243213121, 0, 0
1668048760.051, 2.56162866707254, -0.506703478790314, 0, 0
1668048760.203, 1.76337089666654, -2.04310665209056, 0, 0
1668048760.253, 1.8893985185573, -2.17748008132355, 0, 0
1668048760.4, -0.166894550026086, -0.571970206075406, 0, 0
1668048760.48, -0.543873649770745, -1.41606400354971, 0, 0
1668048760.613, -1.08950163915566, -1.69495895388795, 0, 0
1668048760.663, -0.171415879764368, -1.42563827628348, 0, 0
1668048760.8, 0.377535191489187, -0.28147749605148, 0, 0
1668048760.85, 0.602707362380897, -0.0868645103540757, 0, 0
1668048761.009, 0.774554547116935, -0.824364371250681, 0, 0
1668048761.059, 1.22049338127448, -0.635144050345616, 0, 0
1668048761.209, -0.21041012900011, 0.561471265031756, 0, 0
1668048761.259, -0.462025799809311, 0.543054699036929, 0, 0
1668048761.413, -1.88237617380841, 0.933870632160236, 0, 0
1668048761.463, -1.08344736737067, 0.829218617728287, 0, 0
1668048761.631, -2.05376891056571, 1.17959515238523, 0, 0
1668048761.681, -2.13488292685381, 0.821061875207505, 0, 0
1668048761.812, -3.10740916641916, -0.0974217836197511, 0, 0
1668048761.862, -3.13339756946846, 0.0816577025189673, 0, 0
1668048762.029, -4.23450475329759, 0.980775956115892, 0, 0
1668048762.079, -3.41512977868973, 0.909199208226511, 0, 0
1668048762.221, -1.69992914983001, 1.2742361010575, 0, 0
1668048762.271, -0.688702143064688, 1.00318251271315, 0, 0
1668048762.435, 1.59958420586241, -0.0771683367753155, 0, 0
1668048762.516, 2.57007303852194, -0.386829716381072, 0, 0
1668048762.65, 2.29542637314347, -0.86445444793128, 0, 0
1668048762.831, 2.80703031282917, -1.04865005193668, 0, 0
1668048762.881, 2.90612266257727, -1.38028361372704, 0, 0
1668048763.043, 3.30970668228628, -2.1225138365742, 0, 0
1668048763.093, 4.14875846249987, -1.57114646895178, 0, 0
1668048763.234, 4.10109994961277, -1.13072329675063, 0, 0
1668048763.284, 3.73293783830283, -1.37959436863062, 0, 0
1668048763.444, 1.47012733120482, 0.130845857926374, 0, 0
1668048763.494, 0.692653173892268, 0.126021420452702, 0, 0
1668048763.665, -1.35477760647893, 1.18022215955467, 0, 0
1668048763.842, -1.58457701921867, 1.54291558660213, 0, 0
1668048763.892, -1.4654095371956, 1.1260720444824, 0, 0
1668048764.058, -0.185511404345277, 1.66595021012371, 0, 0
1668048764.109, 0.116102169451892, 1.54407534769589, 0, 0
1668048764.25, -0.426492731045556, 1.05948352747029, 0, 0
1668048764.3, -0.730539079346158, 1.02965133183899, 0, 0
1668048764.464, -1.87824496022603, 1.33830979197126, 0, 0
1668048764.544, -1.93825928968457, 1.6422913328857, 0, 0
1668048764.679, -2.22385311233663, 0.143574903151119, 0, 0
1668048764.859, -2.95893769880954, 0.0317907299716325, 0, 0
1668048764.909, -2.61503117654738, -0.365045978093463, 0, 0
1668048765.071, -2.96410981583699, -0.971220127843338, 0, 0
1668048765.121, -2.34255753602363, -1.11751788008485, 0, 0
1668048765.266, -0.834234094049322, -1.60114336526198, 0, 0
1668048765.316, -0.24452006459876, -2.12292079224139, 0, 0
1668048765.47, 0.565971957937109, -1.68279719084254, 0, 0
1668048765.553, 1.94900665974922, -1.7023533414027, 0, 0
1668048765.686, 0.624837832892354, -0.676066493692701, 0, 0
1668048765.736, 0.732052130687379, -0.946178369726738, 0, 0
1668048765.869, 0.00453161957881321, -0.339610444831493, 0, 0
1668048765.919, 0.30703175848376, -0.496566194043226, 0, 0
1668048766.083, 0.643558898972088, 0.52393321442888, 0, 0
1668048766.133, 1.00639993557397, 0.0727986584860929, 0, 0
1668048766.273, 1.35333768025544, 0.195497437294208, 0, 0
1668048766.323, 1.71395546346537, -0.0927393838510397, 0, 0
1668048766.491, 0.239201125825218, 0.721722802762955, 0, 0
1668048766.57, -0.771366720086633, 0.581063162466734, 0, 0
1668048766.704, -1.24059409238845, 0.815981243145245, 0, 0
1668048766.882, 1.36394469192822, 0.987251193725371, 0, 0
1668048766.932, 1.39403725697068, 0.230621380760255, 0, 0
1668048767.095, 2.46523555867583, 0.149558908406291, 0, 0
1668048767.145, 3.25202851846498, -0.352558946469912, 0, 0
1668048767.292, 1.10479757970856, -0.795442919831146, 0, 0
1668048767.342, 1.64415624524833, -1.16448146058747, 0, 0
1668048767.502, 0.146798697178895, -1.09984015131397, 0, 0
1668048767.584, -0.268816538276383, -1.64675410752776, 0, 0
1668048767.721, -1.37146355570897, -1.43788904409919, 0, 0
1668048767.897, -1.25114023367141, 0.234513013616237, 0, 0
1668048767.947, -0.873437621864724, 0.280561239368183, 0, 0
1668048768.114, -1.27014659391281, 1.12442621351553, 0, 0
1668048768.164, -1.26054512469702, 0.624528088517422, 0, 0
1668048768.305, -0.181617799799113, 0.152018664056811, 0, 0
1668048768.355, 0.145015429132428, 0.150360358151786, 0, 0
1668048768.519, -0.323849081161512, 0.848136549345398, 0, 0
1668048768.595, 0.55548867899742, 1.56506948966513, 0, 0
1668048768.728, -0.767997211277759, -0.103461238953315, 0, 0
1668048768.778, -0.705984424399702, -0.0557222915059867, 0, 0
1668048768.913, -0.738301664280527, 0.10377512867116, 0, 0
1668048768.963, 0.324879933173094, -0.151649459698291, 0, 0
1668048769.128, 1.18240658998508, 0.240208769642493, 0, 0
1668048769.178, 2.02998624052242, -0.177822033012859, 0, 0
1668048769.314, 2.53639159293627, -0.0425021456620414, 0, 0
1668048769.364, 2.03037931482729, -0.368790239149689, 0, 0
1668048769.529, 0.246228002572906, -1.04532360044846, 0, 0
1668048769.606, -1.31997126025436, -0.644402131495582, 0, 0
1668048769.742, -3.11164472528637, -0.917207525839046, 0, 0
1668048769.792, -2.3446505468446, -0.644731802211368, 0, 0
1668048769.926, -2.5017559522104, 0.383970257310082, 0, 0
1668048769.976, -1.76258396937496, 0.036803576504127, 0, 0
1668048770.142, -0.376384723177182, 0.510057287185958, 0, 0
1668048770.192, -0.0704567808159311, 0.729789915889938, 0, 0
1668048770.33, -1.10527458512547, 1.68173105995467, 0, 0
1668048770.38, -0.912558132906213, 1.34095918515996, 0, 0
1668048770.548, -0.442690835097437, 0.665687626112401, 0, 0
1668048770.629, 0.317171620216953, 0.231102756427674, 0, 0
1668048770.766, 0.643219001944487, 0.269450866525517, 0, 0
1668048770.943, 0.169118316862011, -1.16764719461898, 0, 0
1668048770.993, 1.05818794356711, -1.47319000761522, 0, 0
1668048771.155, 0.263208933730226, -0.352120350126512, 0, 0
1668048771.205, 1.24310723467306, -0.51132074546166, 0, 0
1668048771.343, 2.76791463682227, -0.705015579513685, 0, 0
1668048771.393, 3.6529096068719, -0.736310991006661, 0, 0
1668048771.56, 4.65997746263909, -0.121880533085346, 0, 0
1668048771.634, 5.98129689394816, 0.481376218918058, 0, 0
1668048771.768, 5.10994693060175, 0.709883899135676, 0, 0
1668048771.818, 5.33857424234722, 0.998301988828899, 0, 0
1668048771.954, 4.91191869519204, 1.87124943965304, 0, 0
1668048772.004, 4.89968341918561, 1.36050940758113, 0, 0
1668048772.17, 3.95977791135189, 0.787122817022023, 0, 0
1668048772.22, 3.91597656112165, 0.588937404190403, 0, 0
1668048772.366, 2.2879159562749, -0.608321580659009, 0, 0
1668048772.416, 2.46563527660479, -0.69169496252988, 0, 0
1668048772.577, -0.48708209067388, -1.31421584713109, 0, 0
1668048772.652, -2.79104892494647, -1.04641822845872, 0, 0
1668048772.785, -9.44914413933481, -0.74899954423978, 0, 0
1668048772.835, -12.4742358699121, -0.783549602316555, 0, 0
1668048772.973, -19.1907481707557, 0.287448283676966, 0, 0
1668048773.023, -19.9146235987088, 0.382918795859553, 0, 0
1668048773.184, -23.4562905433228, 0.251308343969782, 0, 0
1668048773.234, -23.9674048764694, -0.489270440931278, 0, 0
1668048773.374, -27.4148199949869, 0.294960862205457, 0, 0
1668048773.424, -28.1323788772832, 0.48079294106347, 0, 0
1668048773.582, -22.7117869505903, 0.954842734650796, 0, 0
1668048773.632, -20.5689636683016, 0.733331065992033, 0, 0
1668048773.799, -12.2988984069717, 0.601194492923511, 0, 0
1668048773.849, -10.1355095718374, 0.120259321914176, 0, 0
1668048773.981, -3.96299283895189, -0.499659891769824, 0, 0
1668048774.031, -0.766748887306932, -0.451684774265175, 0, 0
1668048774.191, 5.85991584878522, -1.25630807948284, 0, 0
1668048774.241, 8.91974203705465, -2.22851586527125, 0, 0
1668048774.388, 16.3168465139424, -1.57688099790207, 0, 0
1668048774.438, 18.5814542217619, -1.233314951925, 0, 0
1668048774.599, 23.2275107011476, -1.72244414397721, 0, 0
1668048774.649, 24.6042631373561, -1.70381325849252, 0, 0
1668048774.819, 22.7811065836343, 0.847116116979564, 0, 0
1668048774.996, 18.0414908063326, 0.849854820740745, 0, 0
1668048775.046, 16.9491912425638, 0.231398380526983, 0, 0
1668048775.208, 12.2793602431985, 1.5115635504104, 0, 0
1668048775.258, 11.3169009971934, 0.576021307408411, 0, 0
1668048775.403, 7.90455412955953, 1.4278047436768, 0, 0
1668048775.453, 6.91594896716734, 1.06900020973937, 0, 0
1668048775.614, 3.12370322266318, 1.38321977246115, 0, 0
1668048775.694, 2.1904284831725, 0.965880243116914, 0, 0
1668048775.829, -1.46292402628927, 0.9740757127297, 0, 0
1668048776.012, -2.70133146794223, 1.23379646625696, 0, 0
1668048776.062, -2.27360163144078, 0.87596633309218, 0, 0
1668048776.226, -4.17932972122333, 0.671227881676089, 0, 0
1668048776.276, -2.54729044738451, 0.174508078173915, 0, 0
1668048776.417, -2.28414453949915, -0.401314891578977, 0, 0
1668048776.467, -2.08906435293014, -0.602250350667163, 0, 0
1668048776.628, -2.69742400061895, -1.5141361093994, 0, 0
1668048776.709, -2.53486316412935, -0.691928672425149, 0, 0
1668048776.844, -1.96566718389968, -0.596254535726956, 0, 0
1668048777.024, -0.251215373825147, 0.993669962704544, 0, 0
1668048777.074, 0.0425986524969062, 1.09633966431278, 0, 0
1668048777.238, -0.493285792154694, 1.8095904173353, 0, 0
1668048777.288, 0.961857059057991, 1.67659378997861, 0, 0
1668048777.431, 1.1698877974344, 0.754844621068244, 0, 0
1668048777.481, 1.29603171871102, 0.777070052367733, 0, 0
1668048777.64, 2.81753267832445, -0.294026961574616, 0, 0
1668048777.717, 3.95842021974261, -0.624268238513253, 0, 0
1668048777.851, 4.36601960401643, -1.37739782675774, 0, 0
1668048777.901, 5.43229184923609, -1.18077918964983, 0, 0
1668048778.037, 4.77446590072734, -0.990475578187699, 0, 0
1668048778.087, 5.37424583204125, -0.555803788900818, 0, 0
1668048778.253, 3.60191052789904, 0.476412739217125, 0, 0
1668048778.303, 4.36939995079459, 0.68000507418445, 0, 0
1668048778.443, 4.19102293553112, 1.51503421843034, 0, 0
1668048778.493, 4.22276248154586, 0.658099586126056, 0, 0
1668048778.651, 3.06726591077742, 0.994743234610482, 0, 0
1668048778.733, 3.20332116437407, -0.63034099238854, 0, 0
1668048778.869, 2.4234398784414, -0.609114938627499, 0, 0
1668048779.049, 1.40151084448868, -0.70381047168965, 0, 0
1668048779.099, 0.308970235986976, -0.385480590770356, 0, 0
1668048779.261, -2.16232992575314, -0.00834154944527654, 0, 0
1668048779.311, -1.45136917123367, -0.0331939654611801, 0, 0
1668048779.466, -1.5459917337779, 1.38367605708982, 0, 0
1668048779.516, -1.69587801861184, 1.30355776764804, 0, 0
1668048779.665, -1.14897497010708, -0.29523194170784, 0, 0
1668048779.715, 0.026412819821644, -0.0966690889911206, 0, 0
1668048779.884, -0.735418852596467, -0.671308327302796, 0, 0
1668048780.062, -3.52458073670235, -0.679383441523782, 0, 0
1668048780.112, -3.37905919753038, -1.73932635026401, 0, 0
1668048780.279, -5.48699211809182, -0.258299397289846, 0, 0
1668048780.329, -3.89356535300533, -0.686722231043092, 0, 0
1668048780.472, -3.3924191794909, -0.0901111035354916, 0, 0
1668048780.522, -3.22630814054585, -0.102778073101177, 0, 0
1668048780.685, -2.5984406561137, 0.421090779748823, 0, 0
1668048780.764, -2.2742676854746, -0.596455154657662, 0, 0
1668048780.898, -2.18110971584071, 0.178184898977051, 0, 0
1668048781.077, -1.71232833015173, 0.610787328344855, 0, 0
1668048781.127, -1.39369245619562, -0.308367785005657, 0, 0
1668048781.291, 0.343574957909254, 0.662825242957197, 0, 0
1668048781.341, 1.71733075425291, 0.69154567503108, 0, 0
1668048781.488, 3.18092998623342, 1.64549440544199, 0, 0
1668048781.538, 3.81612507819105, 1.34946129285568, 0, 0
1668048781.694, 5.46047931321132, 1.12625080245228, 0, 0
1668048781.773, 5.20101365776105, 0.268128003421722, 0, 0
1668048781.907, 4.5505283014223, 0.45849814171433, 0, 0
1668048781.957, 3.9374899463775, -0.764967192367095, 0, 0
1668048782.092, 2.64701050128579, -0.397160723801619, 0, 0
1668048782.142, 2.97949558320826, -0.486596018019924, 0, 0
1668048782.305, 1.20431504578386, 0.0745353503907893, 0, 0
1668048782.355, 1.21763402819744, 0.935033409167147, 0, 0
1668048782.497, 1.45938671218289, 0.124370368531856, 0, 0
1668048782.547, 2.24516926831035, -0.309393478086349, 0, 0
1668048782.713, 0.653185697149041, -0.443342174616873, 0, 0
1668048782.79, -0.0788202163385279, -1.05234575830232, 0, 0
1668048782.927, -0.549148412201419, -1.55434609637462, 0, 0
1668048783.107, -2.59320236781454, -0.255216637430465, 0, 0
1668048783.157, -2.70333529194201, -0.838863702586224, 0, 0
1668048783.319, -2.69601602134131, 0.54345716209265, 0, 0
1668048783.372, -1.92545625409659, 0.346671108752403, 0, 0
1668048783.515, -1.62498457455135, -0.146539930805517, 0, 0
1668048783.565, -0.152934008856818, -0.430123287442541, 0, 0
1668048783.727, 0.242897215728448, -1.59175309664494, 0, 0
1668048783.8, 0.723893050563788, -1.51723658998628, 0, 0
1668048783.935, 0.127327854908799, -0.863022415696975, 0, 0
1668048783.985, 0.0777771573197867, -0.783645515657952, 0, 0
1668048784.12, -2.1239626713589, 0.565269171818926, 0, 0
1668048784.17, -2.40927274604527, 0.424930480864063, 0, 0
1668048784.334, -2.56999014872449, 0.50545098560994, 0, 0
1668048784.384, -2.22940154449122, 0.231568544001874, 0, 0
1668048784.528, -1.91126225619033, -1.31197446611378, 0, 0
1668048784.578, -2.00378620460131, -2.05385149804337, 0, 0
1668048784.739, -2.4904329874708, -0.48090550337281, 0, 0
1668048784.789, -1.66842179870008, -1.10785935179885, 0, 0
1668048784.966, -3.05118153888415, 2.06551318134738, 0, 0
1668048785.134, -2.77880764921647, 2.619534824933, 0, 0
1668048785.184, -3.32944575309608, 1.97980977731542, 0, 0
1668048785.346, -4.34924710624662, 1.06081732913626, 0, 0
1668048785.396, -4.13031140619816, 1.17999526857587, 0, 0
1668048785.55, -3.52097177328739, 0.815887948056968, 0, 0
1668048785.6, -2.446480129245, 0.274219913259216, 0, 0
1668048785.748, -1.47038503891949, 1.3731935304358, 0, 0
1668048785.798, -0.877088620545834, 0.280199978144253, 0, 0
1668048785.848, 0.0959802120799509, -0.399760771362509, 0, 0
1668048785.981, 1.73514307649131, 1.09055794349752, 0, 0
1668048786.149, 2.64846689211376, 0.497213591564403, 0, 0
1668048786.199, 3.06119306934698, 0.191743316935728, 0, 0
1668048786.363, 3.22373206584518, -0.206263648301416, 0, 0
1668048786.413, 3.57536916609268, 0.331715500528261, 0, 0
1668048786.552, 3.16429572923283, 0.457980052006533, 0, 0
1668048786.602, 2.51263681178406, -1.12072878116535, 0, 0
1668048786.767, 3.65026786676736, -0.297185257984836, 0, 0
1668048786.817, 3.20258509274393, -1.76546747169027, 0, 0
1668048786.867, 3.98796667732691, -2.58046375605355, 0, 0
1668048786.998, 4.59759554653479, -0.639902913261864, 0, 0
1668048787.162, 3.60445120135986, -1.13322925846995, 0, 0
1668048787.212, 2.95538787862418, -1.79261557098212, 0, 0
1668048787.377, 3.11055080120042, 1.69092706350264, 0, 0
1668048787.427, 2.76061593929728, -0.34918784645177, 0, 0
1668048787.567, 2.43680079649513, 1.16847943903157, 0, 0
1668048787.617, 2.53309429221716, -0.92125137454201, 0, 0
1668048787.779, 1.57726968294696, 1.05942230694207, 0, 0
1668048787.829, 1.7321618247548, -0.00634644120873418, 0, 0
1668048788.006, -0.898801514592805, 0.368125521720998, 0, 0
1668048788.177, -1.79164209266361, -1.01542901121641, 0, 0
1668048788.227, -2.64769324083352, -2.2982891545127, 0, 0
1668048788.391, -4.32279339381756, 0.0937053430414778, 0, 0
1668048788.441, -4.89845785067666, -1.76535335363283, 0, 0
1668048788.581, -4.29875467277904, 0.1066645647239, 0, 0
1668048788.631, -3.88847449727129, -1.38589184787813, 0, 0
1668048788.794, -2.41017073513947, -2.69533428420209, 0, 0
1668048788.844, -0.083551741638189, -2.64912681807917, 0, 0
1668048789.02, 2.26517354508786, 1.04008143274599, 0, 0
1668048789.19, 3.60617305808503, 0.559829816388302, 0, 0
1668048789.24, 4.08783463576538, 0.235349780946876, 0, 0
1668048789.409, 4.26781699219262, 3.49677903123136, 0, 0
1668048789.459, 4.35980417250587, 1.98632739666813, 0, 0
1668048789.599, 2.85405887068723, 2.52962809959206, 0, 0
1668048789.649, 2.54187540008974, 0.386174320565189, 0, 0
1668048789.806, 1.30311826163171, -0.514659201376986, 0, 0
1668048789.856, 0.970865298925133, -0.979584522685258, 0, 0
1668048790.035, -0.916303808243157, 0.834436249666552, 0, 0
1668048790.203, -1.94142746577407, 1.02851882341599, 0, 0
1668048790.253, -2.3034546749422, 0.275464152144551, 0, 0
1668048790.417, -2.23432581282302, 0.918188222501342, 0, 0
1668048790.468, -3.45848856146779, -0.501605598822351, 0, 0
1668048790.609, -3.34212969415208, -1.61033679097574, 0, 0
1668048790.659, -2.13434050391439, -1.38375997666787, 0, 0
1668048790.823, -2.04443501819256, -0.195994317176115, 0, 0
1668048790.873, -0.8172958950517, -0.272814238064512, 0, 0
1668048791.049, 0.623055841137472, 1.36537774625312, 0, 0
1668048791.217, 1.16460802699032, 1.5215177250852, 0, 0
1668048791.267, 1.71302641804806, 0.382425573420917, 0, 0
1668048791.431, 3.73399199456114, 2.99928542248124, 0, 0
1668048791.481, 2.96851476853797, 1.77689427320445, 0, 0
1668048791.624, 1.76749158329224, -1.41482304246827, 0, 0
1668048791.674, 2.07632570459057, -1.67224121776579, 0, 0
1668048791.836, 0.920584390888791, -1.77083452609517, 0, 0
1668048791.886, 0.883261072666016, -2.82019794273012, 0, 0
1668048792.062, 0.267761267514743, -3.55980995857777, 0, 0
1668048792.232, 0.0801608390275135, 1.22012111048926, 0, 0
1668048792.282, 0.301664937410237, 0.499989842216578, 0, 0
1668048792.448, 1.20782961795121, 1.86310587826289, 0, 0
1668048792.498, 1.36325938466459, -0.408212631081227, 0, 0
1668048792.638, 0.0463836029967979, -1.77950844434483, 0, 0
1668048792.688, 0.484026417359672, -1.69444177400899, 0, 0
1668048792.851, -0.738325024881419, -1.09898345729371, 0, 0
1668048792.901, 0.151239047368307, -2.42448202412913, 0, 0
1668048793.078, -1.14217740354911, -3.34768172277938, 0, 0
1668048793.246, -0.564854880306086, 1.6893706313377, 0, 0
1668048793.296, 0.0462294318065517, -0.283739807069452, 0, 0
1668048793.464, 0.815469177196377, 2.99501990295929, 0, 0
1668048793.514, -0.108930733000989, 0.344599857602716, 0, 0
1668048793.65, -0.153238057837257, -0.928815687420894, 0, 0
1668048793.7, 0.584559332691668, -1.6707219098987, 0, 0
1668048793.861, -1.17865794398188, -5.35207465255115, 0, 0
1668048793.911, 0.574508014633722, -4.56431235653054, 0, 0
1668048794.091, 0.958767111643823, -2.17320620048534, 0, 0
1668048794.26, 3.02966582573345, -0.0699899026862738, 0, 0
1668048794.31, 4.63312814098046, 0.356966666398748, 0, 0
1668048794.476, 8.30052634353748, 3.42639888465408, 0, 0
1668048794.528, 8.66613408040698, 1.54702512261331, 0, 0
1668048794.666, 9.78946069949103, 2.77279834438335, 0, 0
1668048794.716, 9.93123341946935, 2.53368648095071, 0, 0
1668048794.878, 8.45393940417074, -1.28999011827364, 0, 0
1668048794.928, 7.18657273890204, -0.430759515219819, 0, 0
1668048795.103, 3.53621441833511, 0.0764538190049677, 0, 0
1668048795.274, -0.303124162782865, 0.0159610266134393, 0, 0
1668048795.324, -1.99831607723536, -0.17452700607663, 0, 0
1668048795.486, -6.23610823599225, 2.70352196005886, 0, 0
1668048795.537, -6.9344385489425, 1.05591605876491, 0, 0
1668048795.682, -8.23662205796057, 1.08372517206243, 0, 0
1668048795.732, -7.71001718828435, 0.356271276321337, 0, 0
1668048795.89, -7.11187731815363, -1.99791754702156, 0, 0
1668048795.94, -6.28952377946911, -2.32300569630482, 0, 0
1668048796.117, -4.47702109858702, 1.30185281034456, 0, 0
1668048796.285, -4.00497370909491, 1.69601966746221, 0, 0
1668048796.335, -2.86951231447438, 0.0308096933142536, 0, 0
1668048796.503, -1.73713811142798, 2.12035744607296, 0, 0
1668048796.553, -1.25392330693191, 0.013909320165979, 0, 0
1668048796.696, -0.191255312355594, 1.67810360267626, 0, 0
1668048796.746, 0.29066829622073, 0.00755018193622448, 0, 0
1668048796.91, 1.2692276185067, -1.80414824049276, 0, 0
1668048796.96, 1.44792948727135, -2.70006556406378, 0, 0
1668048797.132, -0.135663965733471, 0.264985322176656, 0, 0
1668048797.3, -0.670259729044091, 0.738948318133296, 0, 0
1668048797.35, -0.274950870347851, -1.1272426351577, 0, 0
1668048797.514, -1.17342105748963, 1.49712437936577, 0, 0
1668048797.564, -0.956264060724749, -0.355039667133155, 0, 0
1668048797.708, -0.0948667313115266, -3.05639763262047, 0, 0
1668048797.758, 0.633358072327241, -2.67322566331725, 0, 0
1668048797.919, -0.0581509034495298, -0.230817680695367, 0, 0
1668048797.969, 0.641028345737823, -1.48016927119284, 0, 0
1668048798.147, 1.34826765767997, 2.70607478969482, 0, 0
1668048798.314, 0.367107488251548, 2.53885701295125, 0, 0
1668048798.364, 0.298022249771208, 0.596869235594895, 0, 0
1668048798.531, 0.244719183817836, 1.74044656398182, 0, 0
1668048798.581, 0.462401474525194, 0.461148533604316, 0, 0
1668048798.722, 0.970279395521032, 0.494134461969395, 0, 0
1668048798.772, 1.03233782379428, -0.375627267993622, 0, 0
1668048798.929, 1.16546140224588, 0.937241478307968, 0, 0
1668048798.979, 0.679194953514326, -0.30170546971371, 0, 0
1668048799.029, 0.217190701865349, -1.33849096513202, 0, 0
1668048799.16, 0.288289871426571, -2.02061699342894, 0, 0
1668048799.328, -1.63570302991073, -1.83301867818997, 0, 0
1668048799.378, -1.71193026025077, -2.29164721829969, 0, 0
1668048799.54, -3.42499149764313, 1.17083054667091, 0, 0
1668048799.59, -2.86335724900823, -0.960121440853783, 0, 0
1668048799.733, 0.313955340925844, 1.12045827989076, 0, 0
1668048799.783, 0.409863363099134, -0.961468761528124, 0, 0
1668048799.947, 1.41905397514856, -0.0501125630734691, 0, 0
1668048799.997, 1.99851794076088, -1.68517983916578, 0, 0
1668048800.052, 1.61426927532565, -2.1812833038496, 0, 0
1668048800.188, 2.68680104044415, -0.480086870039628, 0, 0
1668048800.341, 1.76656263636909, -0.953467100036988, 0, 0
1668048800.391, 0.895993116333841, -2.38863545764372, 0, 0
1668048800.559, 0.944342158177079, 0.737175827709819, 0, 0
1668048800.609, -0.418722951482721, -1.47748250723197, 0, 0
1668048800.749, -0.910990390490582, 0.235154447046924, 0, 0
1668048800.799, -0.934529596298489, -0.290166182171532, 0, 0
1668048800.96, -1.27354367819206, -0.0537218876946781, 0, 0
1668048801.01, -2.18432315066701, -1.16965751352475, 0, 0
1668048801.186, -1.70189972760494, 0.892977017475729, 0, 0
1668048801.357, -2.75683102389237, 0.188042222737536, 0, 0
1668048801.407, -3.09733480338852, -1.2513927405252, 0, 0
1668048801.569, -2.42854693171645, -0.121649782817343, 0, 0
1668048801.619, -2.25687529902166, 0.260935694433073, 0, 0
1668048801.772, -1.4951522558672, 0.579630626941352, 0, 0
1668048801.822, -2.05958397708986, -0.76237914110294, 0, 0
1668048801.973, -1.55974630605854, -0.00364171791383683, 0, 0
1668048802.023, -1.87215470380792, -1.67984206204551, 0, 0
1668048802.201, -2.980253285213, -0.715717758206267, 0, 0
1668048802.371, -2.55983816144752, -0.414938994656552, 0, 0
1668048802.421, -1.79111791432726, -1.45135881444935, 0, 0
1668048802.585, 1.60178183305283, 0.606511843071559, 0, 0
1668048802.635, 2.09034952434189, 0.951709062525964, 0, 0
1668048802.777, 3.97721913795027, 0.36312518424333, 0, 0
1668048802.827, 2.72780716325371, -0.929847411757947, 0, 0
1668048802.99, 2.4455420753371, -0.191601826094114, 0, 0
1668048803.04, 0.259940360386054, -1.26421969848494, 0, 0
1668048803.218, 0.116785874084457, 0.254588760046232, 0, 0
1668048803.385, 0.259344335074729, 1.64761921549685, 0, 0
1668048803.435, 0.54860747190952, 1.30478072551614, 0, 0
1668048803.595, 2.02225917991433, 1.19321408780753, 0, 0
1668048803.645, 1.63890194681315, 0.445870404212187, 0, 0
1668048803.789, 2.2089587162439, 0.220818921566575, 0, 0
1668048803.839, 1.36772725330749, -1.12963413613593, 0, 0
1668048804.002, 1.53435800871728, -0.200019496448903, 0, 0
1668048804.052, 1.95206952922112, -0.694328976659847, 0, 0
1668048804.102, 1.16113564145215, -1.04982747936396, 0, 0
1668048804.233, 0.344725964051861, 0.422929066688226, 0, 0
1668048804.4, -1.4137421441053, 0.63270738162808, 0, 0
1668048804.45, -2.02100047572543, 0.656165543308191, 0, 0
1668048804.617, -3.18197536702547, 0.421195447611154, 0, 0
1668048804.667, -3.23043636203499, -0.141475665509887, 0, 0
1668048804.803, -2.51873362178296, 0.373573815701178, 0, 0
1668048804.853, -1.96164341571333, -0.126249941926915, 0, 0
1668048805.02, -1.14188930478647, 0.817635975989717, 0, 0
1668048805.07, -0.672736618563562, 0.702841660951677, 0, 0
1668048805.247, -0.0151263125947594, 0.680599798633921, 0, 0
1668048805.413, -0.40656301794931, 0.322918043793095, 0, 0
1668048805.463, -0.193675376297136, -0.108273925872311, 0, 0
1668048805.632, -0.20904613534239, -0.331008581456445, 0, 0
1668048805.682, -0.4264865629832, -0.396261690781756, 0, 0
1668048805.818, 0.178718560396078, -1.86019945510355, 0, 0
1668048805.868, -0.076921658898101, -0.915188940021238, 0, 0
1668048806.031, -1.1959456147305, 0.0477835971524456, 0, 0
1668048806.081, -0.16471643395343, 0.181188179423344, 0, 0
1668048806.257, -0.0596560782697964, 0.391429854430527, 0, 0
1668048806.427, -0.346171858748988, -0.425127731563236, 0, 0
1668048806.477, -1.42869019653244, -1.24059419123424, 0, 0
1668048806.638, -1.89771056874991, 0.389970016892917, 0, 0
1668048806.688, -2.75187715126455, 0.154499953209296, 0, 0
1668048806.833, -2.6187274982708, 0.430259827471943, 0, 0
1668048806.883, -1.48823151793013, 0.447235724072073, 0, 0
1668048807.049, -0.787767976528784, -0.0950667464962009, 0, 0
1668048807.099, -1.22311899611037, 0.3023935161753, 0, 0
1668048807.276, 1.18102088718891, -1.03367838445749, 0, 0
1668048807.441, 2.21676880347459, -0.742033675801764, 0, 0
1668048807.491, 2.58312393744202, -1.63308209548691, 0, 0
1668048807.656, 3.75729380263613, -0.328070155189806, 0, 0
1668048807.706, 3.55114085846472, -0.11311070493872, 0, 0
1668048807.846, 2.95994470529931, 0.426221619992049, 0, 0
1668048807.896, 2.31863408901208, 0.65522611507339, 0, 0
1668048808.06, 1.52576684522194, -0.248673480845639, 0, 0
1668048808.11, 1.20992753936602, -0.325016149628453, 0, 0
1668048808.289, -0.289637650895855, -0.457109781883304, 0, 0
1668048808.455, -1.72379105596713, 0.0209758320879416, 0, 0
1668048808.505, -3.05938973343297, -0.961078274692142, 0, 0
1668048808.666, -3.15027544551748, 0.654647742766002, 0, 0
1668048808.716, -3.687304998412, 0.00962667297123687, 0, 0
1668048808.86, -2.86439721482304, 0.873403711206691, 0, 0
1668048808.91, -2.51576240559837, 0.661672127436148, 0, 0
1668048809.074, -1.17048272172221, 0.557363520350592, 0, 0
1668048809.124, -0.960471318599758, 0.0392719663056624, 0, 0
1668048809.305, -0.387308980394181, -0.53999396875966, 0, 0
1668048809.469, -0.408161440598434, -0.733914790913758, 0, 0
1668048809.519, 0.131315312833635, -1.05806947311163, 0, 0
1668048809.686, -0.0622842756320097, -0.55077185438742, 0, 0
1668048809.736, -0.28619733687998, -0.263890540412177, 0, 0
1668048809.88, -0.132950482421791, -0.567754222188256, 0, 0
1668048809.93, 0.98308929929496, -0.154373100966183, 0, 0
1668048810.084, 0.408002236701208, 0.531371622877444, 0, 0
1668048810.134, 0.32807890711598, 0.0478048833740843, 0, 0
1668048810.185, -0.224141229592533, -0.143118466231527, 0, 0
1668048810.314, -0.49346655984067, 0.57035876742431, 0, 0
1668048810.482, -0.2552651065769, -0.099083142000552, 0, 0
1668048810.532, -0.294956301692991, -0.0958816701098613, 0, 0
1668048810.699, -0.160023343152147, 0.456088665547583, 0, 0
1668048810.749, 0.281498016513325, 0.356044671810182, 0, 0
1668048810.887, 1.23835209651719, 0.438612154954782, 0, 0
1668048810.937, 1.16537428365396, 0.489247165183926, 0, 0
1668048811.102, 0.69075044542052, 0.983988830196964, 0, 0
1668048811.152, 1.30295851366589, 0.939786359640848, 0, 0
1668048811.328, 1.51273603590963, 0.845526538595507, 0, 0
1668048811.495, 1.49847555736861, 0.436687373467507, 0, 0
1668048811.545, 2.34657609220858, -0.109561714991401, 0, 0
1668048811.708, 1.39490759568767, -0.955440625871887, 0, 0
1668048811.758, 0.816624900996658, -1.19770411450654, 0, 0
1668048811.903, -0.0583823640141077, -1.17959881378812, 0, 0
1668048811.953, -0.18618511868209, -1.33708931526564, 0, 0
1668048812.117, -0.487644096933792, -0.356155899810943, 0, 0
1668048812.167, -0.324345876862736, -0.198097938602103, 0, 0
1668048812.341, -0.619008863225559, -0.0291693444912937, 0, 0
1668048812.511, -0.628953387791057, 0.958775587828526, 0, 0
1668048812.561, -0.925702147820544, 0.408478624203525, 0, 0
1668048812.722, -0.855829046606061, 1.59421577130421, 0, 0
1668048812.772, -1.03245369917266, 1.21626552484116, 0, 0
1668048812.92, -0.908267568843712, -0.10218228513051, 0, 0
1668048812.97, -0.265292661616229, -0.842380853335641, 0, 0
1668048813.132, 0.201394785207498, -0.301861362353947, 0, 0
1668048813.182, 0.471979018451663, -0.612547307589665, 0, 0
1668048813.357, 1.752065841356, -0.558445397022126, 0, 0
1668048813.525, 2.50324874128617, 0.253027368041714, 0, 0
1668048813.575, 2.13400755398283, -0.523653274026344, 0, 0
1668048813.738, 2.38185464940656, 1.33237166949782, 0, 0
1668048813.788, 1.62656429477676, 1.33413567453258, 0, 0
1668048813.937, 0.66759896170052, 0.639180607878188, 0, 0
1668048813.987, 0.412180788271343, 0.418073170739504, 0, 0
1668048814.142, 0.931952448388614, 0.154216807838012, 0, 0
1668048814.192, 0.214691175734629, -0.472411026606267, 0, 0
1668048814.369, -0.100074657165976, -1.10556830088234, 0, 0
1668048814.539, -0.492915973491989, -0.606859424833345, 0, 0
1668048814.589, -1.18381707483695, -0.961857698378111, 0, 0
1668048814.754, -0.206301012792778, -0.646335695199809, 0, 0
1668048814.804, -1.02576581618328, -0.394931989737188, 0, 0
1668048814.945, -2.50187136805116, -0.281939301248627, 0, 0
1668048814.995, -2.54377421549805, -0.796615573850318, 0, 0
1668048815.158, -3.26847815999608, 0.3113524828577, 0, 0
1668048815.208, -3.38269510513641, 0.184642819873631, 0, 0
1668048815.384, -1.76187536019424, 0.586187822357914, 0, 0
1668048815.553, -1.14384223068038, 0.97871780129023, 0, 0
1668048815.603, -0.485024087426922, 0.359436431293659, 0, 0
1668048815.767, 0.329813032650037, 0.933320354595011, 0, 0
1668048815.817, -0.28589965392473, 0.133122102935701, 0, 0
1668048815.961, 0.397819165709507, -0.138763761488036, 0, 0
1668048816.011, 0.343399767490496, 0.0172804360018262, 0, 0
1668048816.178, -0.0065575474114894, -0.875628470614942, 0, 0
1668048816.228, 0.737734800462704, -0.764635635778745, 0, 0
1668048816.409, 1.21928974364971, -0.412325191730986, 0, 0
1668048816.573, 0.453873233892296, -0.416824800105132, 0, 0
1668048816.623, 0.602715861503583, -0.208732430623115, 0, 0
1668048816.786, 0.17795563346769, 1.70038412058436, 0, 0
1668048816.836, -0.132637693692033, 1.70054990248657, 0, 0
1668048816.98, 0.25361742537271, 0.63159346003043, 0, 0
1668048817.03, 0.237150075581724, 0.457898362999288, 0, 0
1668048817.191, 1.1554967461191, -0.32049055443008, 0, 0
1668048817.241, 1.44469567142764, -0.549199621787523, 0, 0
1668048817.413, 1.4179562830688, -0.806094565403072, 0, 0
1668048817.584, 1.3462319326168, -0.738468252009653, 0, 0
1668048817.634, 1.82692308402446, -0.42889977891619, 0, 0
1668048817.797, 2.03593553412958, -0.694188809198607, 0, 0
1668048817.847, 2.76184704273007, -0.885095415769598, 0, 0
1668048817.991, 2.59776873461442, -0.156719781748706, 0, 0
1668048818.041, 1.87207408824651, -0.32969527747494, 0, 0
1668048818.195, 0.356569545886373, 0.0808661970968814, 0, 0
1668048818.245, -0.174913721447496, -0.206693404879644, 0, 0
1668048818.299, -0.851986803386211, -0.124927681000685, 0, 0
1668048818.433, -1.42180778290131, 1.0861160738343, 0, 0
1668048818.595, -1.77937035240959, 1.45660452342761, 0, 0
1668048818.645, -1.83281036030414, 0.955679053324658, 0, 0
1668048818.815, -2.60909884097586, 1.43556969085145, 0, 0
1668048818.865, -3.20230889260407, 0.79911627022409, 0, 0
1668048819, -3.02949531037734, -0.351476678369494, 0, 0
1668048819.05, -2.5855288395596, -0.825877706058748, 0, 0
1668048819.221, -1.86620924457353, -1.01858305542942, 0, 0
1668048819.271, -1.98616083851047, -1.29751466599257, 0, 0
1668048819.441, 1.13706416441261, -1.29701846558595, 0, 0
1668048819.613, 0.639593515250198, -0.152768994802614, 0, 0
1668048819.663, 1.40013886203829, -0.101807963166181, 0, 0
1668048819.826, 2.9281056556612, 0.998963067199597, 0, 0
1668048819.876, 2.00616139096971, 0.48845691011995, 0, 0
1668048820.015, 3.46569948487067, 0.312704459551227, 0, 0
1668048820.065, 3.73184653249581, -0.148601359231435, 0, 0
1668048820.226, 4.52721967309125, 0.568371310972438, 0, 0
1668048820.276, 4.2833236222782, 0.419916371065852, 0, 0
1668048820.326, 4.38033701458565, 0.431825685648619, 0, 0
1668048820.463, 2.85979224912148, 0.739429675396295, 0, 0
1668048820.621, 1.26740664498357, -0.0533907916458816, 0, 0
1668048820.671, 0.922516696746612, -0.140981474784525, 0, 0
1668048820.835, -0.601446527262283, 0.413385205233681, 0, 0
1668048820.885, -0.443219649782691, -0.146406973093832, 0, 0
1668048821.036, -2.73225988863427, -0.677261683534169, 0, 0
1668048821.086, -3.62329930752759, -1.15411169352328, 0, 0
1668048821.239, -4.06328643041101, -0.659162463419335, 0, 0
1668048821.289, -4.84172327089678, -0.76536869458252, 0, 0
1668048821.466, -4.3899402070663, -0.116208830411949, 0, 0
1668048821.636, -4.040610935215, -0.133720798200756, 0, 0
1668048821.686, -3.33115767969466, 0.126694062205345, 0, 0
1668048821.85, -1.85528901350088, 1.06149667521096, 0, 0
1668048821.9, -1.748813738054, 0.702479840192851, 0, 0
1668048822.047, -0.818753144241299, 0.550256172952928, 0, 0
1668048822.097, -0.234398703693785, -0.00430731846327603, 0, 0
1668048822.252, 0.439792296376538, 0.691352354846458, 0, 0
1668048822.302, 0.16493635580855, 0.583743240233218, 0, 0
1668048822.354, 1.12226112751702, 0.59095807898818, 0, 0
1668048822.483, 2.18038818134295, 0.609954761027353, 0, 0
1668048822.65, 2.67961092787584, 0.520265709930257, 0, 0
1668048822.7, 2.66821290646016, 0.192058944547568, 0, 0
1668048822.86, 3.48856048798032, 0.2021004695698, 0, 0
1668048822.91, 2.46939070966914, -0.16402186296807, 0, 0
1668048823.056, 3.33090811578211, -0.530936762017291, 0, 0
1668048823.106, 3.32155942116972, -1.10637438707201, 0, 0
1668048823.266, 2.36262397713827, -1.05202410214133, 0, 0
1668048823.316, 2.45088815188655, -0.941250010940678, 0, 0
1668048823.369, 2.41412735416634, -0.978891012432882, 0, 0
1668048823.507, 1.58116467423369, -0.704784846824225, 0, 0
1668048823.663, 2.18569271713184, -0.896110470023501, 0, 0
1668048823.713, 2.3077647765725, -1.10361264535194, 0, 0
1668048823.877, 2.4584198811547, -0.108687464106509, 0, 0
1668048823.927, 1.65761754059923, 0.356699694275505, 0, 0
1668048824.075, 0.645737168971635, 0.154032036512874, 0, 0
1668048824.125, -0.266146304427849, -0.106227119078113, 0, 0
1668048824.282, -2.05163463119862, 0.97820417173719, 0, 0
1668048824.332, -2.00555959227179, 0.816938876664565, 0, 0
1668048824.383, -2.90133495525856, 0.65994411605395, 0, 0
1668048824.516, -2.82249599005937, 1.83148974324297, 0, 0
1668048824.678, -2.60568790370269, 2.46753386738747, 0, 0
1668048824.728, -2.37858289266779, 1.77492299778746, 0, 0
1668048824.895, -1.29453134896394, 1.13473694823332, 0, 0
1668048824.948, -1.09753548376148, 0.473616379047982, 0, 0
1668048825.083, -0.695400791944138, 0.272449002529157, 0, 0
1668048825.133, -0.0300439881533521, 0.429088373247552, 0, 0
1668048825.293, 1.39964901891875, -0.4542008211412, 0, 0
1668048825.343, 1.73317025755361, -0.99838080379422, 0, 0
1668048825.394, 3.06382260799614, -1.13501752499903, 0, 0
1668048825.524, 4.69233700415498, -2.16531020086558, 0, 0
1668048825.692, 4.37103986643501, -1.54912643749748, 0, 0
1668048825.742, 3.85071160346544, -1.5384384071493, 0, 0
1668048825.907, 2.62047973373993, -0.927687769466587, 0, 0
1668048825.957, 1.81695923642235, -0.934528123546386, 0, 0
1668048826.108, 0.589475873660717, -0.983150571764327, 0, 0
1668048826.158, 0.291636447772902, -1.10386355167526, 0, 0
1668048826.31, -1.20036357292082, 0.224414896569471, 0, 0
1668048826.36, -1.63094190241731, 0.641328359529567, 0, 0
1668048826.41, -1.37675224278459, 0.828301719064882, 0, 0
1668048826.541, -1.87810441952757, 0.428553104017624, 0, 0
1668048826.705, -1.73434306993011, 0.109068955760691, 0, 0
1668048826.755, -0.823095938629564, -0.364535950023765, 0, 0
1668048826.926, 0.605616387048315, 0.157081161173778, 0, 0
1668048826.977, -0.0391239354787558, 0.306520841536653, 0, 0
1668048827.112, -1.29557305279928, 0.684075504416157, 0, 0
1668048827.162, -2.11461565155301, 0.354704679454358, 0, 0
1668048827.327, -4.38460987235257, -1.77973252497199, 0, 0
1668048827.377, -4.98393276140624, -2.69463191559632, 0, 0
1668048827.427, -5.49032470480438, -3.028992773082, 0, 0
1668048827.564, -6.01607772889398, -2.25357293209086, 0, 0
1668048827.722, -4.26876685888627, -2.2796734247944, 0, 0
1668048827.772, -3.54882106429883, -2.06217464284879, 0, 0
1668048827.934, -1.49458674329605, -0.530310530887164, 0, 0
1668048827.984, -1.06486371838062, -0.276775853143192, 0, 0
1668048828.13, 0.21547875709723, 1.21312899616105, 0, 0
1668048828.18, 0.410946485816254, 0.151253552578623, 0, 0
1668048828.34, 1.82883167597026, 0.299618600217258, 0, 0
1668048828.39, 2.04566744842387, 0.410146852278942, 0, 0
1668048828.565, 1.9198724459429, 0.131127297217148, 0, 0
1668048828.735, 2.3488912954376, 0.5299116170182, 0, 0
1668048828.785, 2.6881609565697, 0.113632477973411, 0, 0
1668048828.953, 1.46420780173312, 0.617310769146584, 0, 0
1668048829.003, 1.05051528306521, 0.674560383176185, 0, 0
1668048829.14, 0.696927427713774, 0.497940858268635, 0, 0
1668048829.19, 0.157697824574853, 0.857351087340305, 0, 0
1668048829.349, -0.636082929743139, 1.20429142339106, 0, 0
1668048829.399, -0.437769524010065, 1.26888332895381, 0, 0
1668048829.465, -1.32971376643673, 1.23199249493976, 0, 0
1668048829.598, -0.870071621464632, 0.200450682784222, 0, 0
1668048829.747, -0.3277976608872, 0.87703362478031, 0, 0
1668048829.797, -0.183013772289002, -0.0882922034012665, 0, 0
1668048829.963, 0.741587370817228, -0.883072772972383, 0, 0
1668048830.013, 0.743842914684109, -1.83782504246082, 0, 0
1668048830.159, -0.147851763872779, -5.42943226087104, 0, 0
1668048830.209, -1.8511392227995, -8.1357787813285, 0, 0
1668048830.363, -6.11315917294394, -13.0128657412781, 0, 0
1668048830.413, -6.93353404812257, -15.1935493333398, 0, 0
1668048830.463, -7.8861613101908, -16.7783025272354, 0, 0
1668048830.598, -9.82490050504413, -18.4689571300188, 0, 0
1668048830.763, -11.3195488174021, -21.359224798163, 0, 0
1668048830.813, -9.1780140027812, -18.5429922131848, 0, 0
1668048830.973, -8.55543767780534, -16.8651878053941, 0, 0
1668048831.023, -9.09289709686095, -17.1582443768388, 0, 0
1668048831.167, -9.8519432752534, -17.989650651683, 0, 0
1668048831.217, -8.99086073405539, -15.4096935359438, 0, 0
1668048831.377, -6.65746702410084, -10.790649858833, 0, 0
1668048831.427, -5.95034137183302, -8.93870341096948, 0, 0
1668048831.48, -3.96571050269532, -5.74892502010775, 0, 0
1668048831.613, 0.688174792674857, 2.97886265412879, 0, 0
1668048831.773, 5.11200331936138, 9.5916655211762, 0, 0
1668048831.823, 5.96028299312169, 11.5803243453878, 0, 0
1668048831.986, 9.84081807612145, 19.8791762639736, 0, 0
1668048832.036, 11.5226136773, 23.3689754989855, 0, 0
1668048832.179, 10.6964136125301, 22.2117014474458, 0, 0
1668048832.229, 10.5515474599522, 22.3318223785778, 0, 0
1668048832.401, 9.75853769030803, 20.2434646870528, 0, 0
1668048832.451, 8.07074366541008, 17.25681210293, 0, 0
1668048832.501, 7.0564430150263, 16.0761950828021, 0, 0
1668048832.632, 6.5633830530661, 14.40218507983, 0, 0
1668048832.795, 4.18719695015702, 9.49085732695441, 0, 0
1668048832.845, 4.60205619512917, 9.83209146417282, 0, 0
1668048833.007, 2.27468066490331, 6.16358876905753, 0, 0
1668048833.057, 1.75102362618634, 5.47470055739933, 0, 0
1668048833.202, 1.402361471918, 5.10633920717119, 0, 0
1668048833.252, 0.757734696323922, 4.24773654731474, 0, 0
1668048833.407, 0.0255212747305507, 2.22885585010395, 0, 0
1668048833.457, 0.813432298734767, 3.42589305396699, 0, 0
1668048833.509, -0.0748777742803668, 1.88836334713243, 0, 0
1668048833.642, -0.635384269485371, 1.10693979689466, 0, 0
1668048833.803, -2.09556053185776, -0.869045885951834, 0, 0
1668048833.853, -2.84172618705841, -1.58440272799416, 0, 0
1668048834.013, -3.22277946893422, -2.29710072196241, 0, 0
1668048834.063, -3.44403942540393, -2.71180363811112, 0, 0
1668048834.214, -2.44048227637441, -1.54732944106377, 0, 0
1668048834.264, -2.53387068299122, -2.58960832363664, 0, 0
1668048834.422, -1.87257976735557, -2.4423074936708, 0, 0
1668048834.472, -2.17598755669638, -2.94770159020425, 0, 0
1668048834.523, -2.85311686576324, -3.95775335452416, 0, 0
1668048834.653, -1.89401748705683, -3.11084350161633, 0, 0
1668048834.816, -1.51981959552754, -2.67721454262249, 0, 0
1668048834.866, -1.22002628902291, -2.5574640183498, 0, 0
1668048835.037, 0.286621826669403, -0.685225664664898, 0, 0
1668048835.087, 0.449117837740062, -0.496655993408098, 0, 0
1668048835.225, 0.612124267675114, -0.829036541000619, 0, 0
1668048835.275, 1.42404243966627, 0.350648337911679, 0, 0
1668048835.433, 1.82340134394715, 1.78743234318928, 0, 0
1668048835.483, 1.40819664232825, 0.981809799404957, 0, 0
1668048835.535, 1.61578002090704, 1.57739942752134, 0, 0
1668048835.666, 2.26633127072859, 2.67443218596175, 0, 0
1668048835.829, 2.86471130483517, 3.11608516867256, 0, 0
1668048835.879, 2.90089518002827, 2.6377327822765, 0, 0
1668048836.042, 4.15203571684864, 4.29405290309759, 0, 0
1668048836.092, 3.49076351051934, 3.46491560669313, 0, 0
1668048836.24, 3.62882142179544, 3.30464808050932, 0, 0
1668048836.29, 3.51785715588105, 3.75646588466302, 0, 0
1668048836.454, 3.68850968336034, 3.66698750135021, 0, 0
1668048836.504, 2.42768464439786, 1.80584927079057, 0, 0
1668048836.68, 2.59228638988702, 1.39122112845985, 0, 0
1668048836.849, 1.2336033118024, -1.24847207517251, 0, 0
1668048836.899, 1.26745568764494, -1.16423358139244, 0, 0
1668048837.062, -0.215338206969079, -2.92172391369826, 0, 0
1668048837.114, -0.475595580836, -3.27558203383199, 0, 0
1668048837.264, -1.20544130946382, -4.38125913903022, 0, 0
1668048837.314, -1.30972582775277, -4.05532138670225, 0, 0
1668048837.468, -1.6457783464983, -4.89718954118769, 0, 0
1668048837.518, -1.83196996795721, -5.26320997656555, 0, 0
1668048837.693, -2.30407057340321, -5.61806668473847, 0, 0
1668048837.86, -2.08162386447535, -4.4899335890361, 0, 0
1668048837.91, -1.92300597911182, -4.1069201261416, 0, 0
1668048838.075, -2.57978871050022, -4.59874769031475, 0, 0
1668048838.128, -2.9839207526407, -4.75580880602098, 0, 0
1668048838.276, -2.31242311187228, -3.53602875463869, 0, 0
1668048838.326, -2.43319321476221, -3.43237032396414, 0, 0
1668048838.476, -2.14009009930746, -2.56127098308798, 0, 0
1668048838.526, -1.87764818727203, -1.74407801862716, 0, 0
1668048838.577, -2.18169597922412, -1.7268336393274, 0, 0
1668048838.709, -2.78057419608976, -2.59192185773563, 0, 0
1668048838.872, -3.17033681409521, -2.29706968707626, 0, 0
1668048838.922, -2.73857870426485, -1.75387349330083, 0, 0
1668048839.089, -4.05476145647199, -3.7055928262873, 0, 0
1668048839.139, -4.0988964528581, -4.00826990982176, 0, 0
1668048839.282, -4.78376567382767, -5.68122386728183, 0, 0
1668048839.332, -4.46103993948498, -5.02425562269522, 0, 0
1668048839.492, -5.30329275794136, -6.79552567654289, 0, 0
1668048839.542, -5.82585912684723, -7.9579917109703, 0, 0
1668048839.721, -5.28737784833817, -8.29116226566927, 0, 0
1668048839.888, -4.6835910070993, -7.73918738063583, 0, 0
1668048839.938, -4.49648542301256, -7.247817488685, 0, 0
1668048840.099, -5.32875056302399, -8.830364360403, 0, 0
1668048840.154, -5.95295905111817, -9.89773143881567, 0, 0
1668048840.297, -8.75304604524399, -14.7846353382986, 0, 0
1668048840.347, -8.36405141308785, -14.385541944981, 0, 0
1668048840.502, -9.29949128499615, -16.5046873245416, 0, 0
1668048840.552, -9.9122094950211, -18.2379730468168, 0, 0
1668048840.606, -10.9383080423839, -19.365860634515, 0, 0
1668048840.739, -15.6589020487483, -27.0280393902878, 0, 0
1668048840.9, -21.6670829615987, -37.1547859394339, 0, 0
1668048840.95, -22.2257699850888, -37.8762181192802, 0, 0
1668048841.118, -24.8376091065788, -37.0305023053773, 0, 0
1668048841.168, -26.3225788738721, -39.1309470076415, 0, 0
1668048841.307, -25.4271974168459, -45.5671146947784, 0, 0
1668048841.357, -25.6105218702471, -46.1857910114493, 0, 0
1668048841.518, -25.898960537328, -46.583973708825, 0, 0
1668048841.568, -26.1670011738633, -47.0757801666799, 0, 0
1668048841.748, -25.5858713713531, -46.0765299932865, 0, 0
1668048841.914, -25.7536442813684, -46.0501236661516, 0, 0
1668048841.964, -25.4119557920973, -45.4156047018265, 0, 0
1668048842.132, -24.7683683803782, -44.3089181603501, 0, 0
1668048842.182, -25.0296935490364, -44.3026955674309, 0, 0
1668048842.328, -24.7210181817921, -43.6467419309131, 0, 0
1668048842.378, -24.8879850714723, -43.8127881295558, 0, 0
1668048842.531, -24.9542323041472, -43.7358421352898, 0, 0
1668048842.581, -24.9543924783344, -43.9902940719955, 0, 0
1668048842.631, -25.1912711034805, -44.0084937050937, 0, 0
1668048842.763, -24.9824741596035, -43.4816219334727, 0, 0
1668048842.927, -25.1858176771779, -43.6098337170435, 0, 0
1668048842.977, -25.1913836536961, -44.0729865336268, 0, 0
1668048843.146, -25.410872222847, -44.119330461842, 0, 0
1668048843.196, -25.3662190975125, -43.8505148427039, 0, 0
1668048843.333, -25.5712452710868, -43.7488581407419, 0, 0
1668048843.383, -25.3663346106546, -43.5460522464572, 0, 0
1668048843.553, -25.7601314643421, -44.1609716100218, 0, 0
1668048843.603, -25.3848331286624, -43.4011701946078, 0, 0
1668048843.781, -25.6236636457697, -43.4243968553617, 0, 0
1668048843.946, -26.1035831018663, -43.8636698444305, 0, 0
1668048843.996, -26.2000816149369, -44.1975635118958, 0, 0
1668048844.157, -26.1593248969332, -43.9833920867785, 0, 0
1668048844.207, -26.0570211680094, -43.8195820645091, 0, 0
1668048844.351, -25.914676467075, -43.3696316050401, 0, 0
1668048844.401, -25.7909171988102, -43.2864474733744, 0, 0
1668048844.558, -26.0185946104624, -43.6940258492004, 0, 0
1668048844.608, -25.9257577081192, -43.6038411721057, 0, 0
1668048844.658, -25.7183675167634, -43.1757598703123, 0, 0
1668048844.793, -25.7768968431396, -43.0185698222199, 0, 0
1668048844.958, -25.124231611936, -41.7156177104781, 0, 0
1668048845.008, -25.1825073680909, -41.768663714038, 0, 0
1668048845.175, -24.9254949772135, -41.1977999182089, 0, 0
1668048845.225, -24.8461572315297, -41.4054864860846, 0, 0
1668048845.369, -24.7709002801455, -40.7287613253668, 0, 0
1668048845.419, -24.6522143620657, -40.4337629480095, 0, 0
1668048845.579, -24.1597988707047, -39.5183695307653, 0, 0
1668048845.629, -24.6303628542576, -40.329830775093, 0, 0
1668048845.801, -24.2722343768645, -39.4795245610172, 0, 0
1668048845.972, -24.0238636244658, -39.0900241067392, 0, 0
1668048846.022, -24.3042195650014, -39.0900942328208, 0, 0
1668048846.188, -24.3907929983916, -39.3062802119836, 0, 0
1668048846.241, -24.4904069603079, -39.6004975484942, 0, 0
1668048846.38, -24.0961692253949, -38.7747169735824, 0, 0
1668048846.43, -23.9921605916323, -38.5650214749803, 0, 0
1668048846.587, -23.8361911327079, -38.1162286736659, 0, 0
1668048846.637, -23.5889850438992, -37.763046557577, 0, 0
1668048846.691, -23.9338466641072, -38.2905724031326, 0, 0
1668048846.825, -23.5433025807857, -37.7576980830913, 0, 0
1668048846.985, -23.3792683759277, -37.7916920870859, 0, 0
1668048847.035, -23.4398562905814, -37.3770087561329, 0, 0
1668048847.194, -23.1677688047102, -37.084919131603, 0, 0
1668048847.244, -23.1456499809398, -36.9172808778688, 0, 0
1668048847.39, -23.0986061422587, -36.9413176241868, 0, 0
1668048847.44, -23.0412641472306, -36.8081327851463, 0, 0
1668048847.604, -22.8345242625438, -36.4999479376957, 0, 0
1668048847.654, -22.928676303897, -36.5397821501529, 0, 0
1668048847.795, -22.7252804064339, -36.3151130646858, 0, 0
1668048847.845, -22.9973231298073, -36.5106647547436, 0, 0
1668048848.001, -22.9014899747228, -36.565078840847, 0, 0
1668048848.051, -22.8830102741914, -36.4090497902581, 0, 0
1668048848.209, -22.8050291541534, -36.1739919400001, 0, 0
1668048848.259, -22.6536827707602, -36.2124145517034, 0, 0
1668048848.41, -22.7728060667649, -36.3633655599289, 0, 0
1668048848.46, -22.652823932486, -36.1318777063959, 0, 0
1668048848.617, -22.7175905983171, -36.2287619303812, 0, 0
1668048848.667, -22.6082883827818, -36.0124224254182, 0, 0
1668048848.818, -22.6194944108821, -36.0336276762542, 0, 0
1668048848.868, -22.9247407290675, -36.3174078560756, 0, 0
1668048849.011, -22.9605000768601, -36.3970903049456, 0, 0
1668048849.061, -22.9574964163721, -36.3072333626228, 0, 0
1668048849.226, -22.856495048485, -36.0913253084002, 0, 0
1668048849.276, -23.0745252629856, -36.3477675543166, 0, 0
1668048849.421, -23.1085273750412, -36.5857305336749, 0, 0
1668048849.471, -23.2751411392964, -36.7843588037173, 0, 0
1668048849.634, -23.3048426859843, -36.853437965163, 0, 0
1668048849.684, -23.3042703523202, -36.6411958327176, 0, 0
1668048849.825, -23.6152620015098, -37.0599283902116, 0, 0
1668048849.875, -23.6146517638648, -36.8726959564278, 0, 0
1668048850.03, -23.7715914375438, -37.3373528162705, 0, 0
1668048850.08, -23.4272061365782, -36.7371834762943, 0, 0
1668048850.241, -24.0126678555036, -37.7332304022873, 0, 0
1668048850.291, -24.1276914076612, -37.7857943431785, 0, 0
1668048850.436, -24.0351752701442, -37.5897170578151, 0, 0
1668048850.486, -24.1038376203201, -37.8996431238859, 0, 0
1668048850.646, -24.31075363861, -38.2333621897264, 0, 0
1668048850.696, -24.2979665688415, -38.1438199689828, 0, 0
1668048850.845, -24.4896651544524, -38.6137835802379, 0, 0
1668048850.895, -24.5422034019643, -38.6700669599996, 0, 0
1668048851.039, -24.818812832427, -38.8387956261946, 0, 0
1668048851.089, -24.8467387330454, -39.2086126208806, 0, 0
1668048851.25, -25.2277146837926, -40.0797464545472, 0, 0
1668048851.3, -25.1943220564131, -40.1338278139441, 0, 0
1668048851.445, -24.8821362718166, -39.7614129116638, 0, 0
1668048851.495, -24.9591034221967, -39.7785012675272, 0, 0
1668048851.661, -25.1102099135217, -40.1714363817495, 0, 0
1668048851.711, -25.3518286485671, -40.7273737274922, 0, 0
1668048851.862, -25.5207780752053, -41.421574742861, 0, 0
1668048851.912, -25.3727843571207, -41.0269600333944, 0, 0
1668048852.053, -25.6374757660329, -41.7027529810867, 0, 0
1668048852.103, -25.7663382799383, -41.7382029748721, 0, 0
1668048852.265, -25.8958358824774, -42.4652430504307, 0, 0
1668048852.315, -25.8710171720722, -42.3398916880414, 0, 0
1668048852.467, -26.0189431971907, -42.637459016903, 0, 0
1668048852.517, -26.2389898261571, -42.9144098705743, 0, 0
1668048852.676, -26.6648853576546, -43.6662391215909, 0, 0
1668048852.726, -26.6277485902166, -43.5912305465458, 0, 0
1668048852.87, -26.7547531225072, -44.1680015841618, 0, 0
1668048852.92, -26.5297988752009, -43.2649774345333, 0, 0
1668048853.069, -26.8792598038605, -43.7947378913712, 0, 0
1668048853.119, -26.9395271766032, -43.8489576561749, 0, 0
1668048853.281, -26.643176609418, -43.1757753478164, 0, 0
1668048853.331, -26.5765790732421, -43.3415438252917, 0, 0
1668048853.482, -26.4298581157252, -43.1655231572495, 0, 0
1668048853.532, -26.3373663983505, -42.7875215694698, 0, 0
1668048853.688, -26.3958465252184, -42.5034644670581, 0, 0
1668048853.738, -26.3601394888266, -42.5241600238459, 0, 0
1668048853.879, -26.4648244900091, -42.7881292355677, 0, 0
1668048853.929, -26.5087145383231, -43.0009894909193, 0, 0
1668048854.082, -26.4904978879769, -42.7904524870272, 0, 0
1668048854.132, -26.5759028043421, -42.917759605081, 0, 0
1668048854.296, -26.2062000215509, -42.4494988572217, 0, 0
1668048854.346, -26.052613845067, -41.8649137046618, 0, 0
1668048854.495, -25.8282587355631, -41.7011063490273, 0, 0
1668048854.545, -25.8876866826954, -41.4342479829882, 0, 0
